id,sentence,subject_entity,object_entity,label,source
72,"냉전 동안 독일 연방군은 NATO의 서유럽 방위의 주력군이 되었으며 전군을 통틀어 49만 5,000명의 병력과 17만명의 군무원을 거느리고 있었다.","{'word': '독일 연방군', 'start_idx': 6, 'end_idx': 11, 'type': 'ORG'}","{'word': '49만 5,000명', 'start_idx': 46, 'end_idx': 55, 'type': 'NOH'}",org:number_of_employees/members,wikipedia
107,"고양시청 종합상황실에서는 연휴기간동안 09:00 ~ 18:00까지 민원콜센터(031-909-9000)와 교통·버스 종합상황실(버스:031-8075-2017/교통:1577-0961)을 운영하고, 재난상황실(031-8075-2119)은 24시간 가동한다.","{'word': '고양시', 'start_idx': 0, 'end_idx': 2, 'type': 'ORG'}","{'word': '031-909-9000', 'start_idx': 43, 'end_idx': 54, 'type': 'NOH'}",no_relation,wikitree
192,"1992년에 JSL 1부, 2부 총 28개팀 중 J리그에 참가하지 않겠다고 한 18팀과 전국 지역 리그 결승에 진출한 오사카 가스와 세이노 운수를 넣은 20개팀으로 시작했다.","{'word': 'J리그', 'start_idx': 27, 'end_idx': 29, 'type': 'ORG'}","{'word': '18팀', 'start_idx': 44, 'end_idx': 46, 'type': 'NOH'}",no_relation,wikipedia
194,"(해멀스는 8이닝 1실점을 기록하지만 디키의 호투 때문에 패가 된다). 2011년 1월 31일에는 뉴욕 메츠와 총액 780만 달러에 2년 계약(2013년에 500만 달러 구단 옵션 포함)을 맺으며, 시즌에서는 208.2이닝을 던지며 처음으로 200이닝을 돌파한다.","{'word': '뉴욕 메츠', 'start_idx': 55, 'end_idx': 59, 'type': 'ORG'}","{'word': '500만', 'start_idx': 87, 'end_idx': 90, 'type': 'NOH'}",no_relation,wikipedia
205,"결국, 대한민국 정부의 반대에도 불구하고 주한미군은 약 500명의 군사고문단만 남기고 마지막 남아 있던 부대가 1949년 6월 29일 철수하였다.","{'word': '군사고문단', 'start_idx': 37, 'end_idx': 41, 'type': 'ORG'}","{'word': '500명', 'start_idx': 31, 'end_idx': 34, 'type': 'NOH'}",org:number_of_employees/members,wikipedia
261,"러시아군의 규모는 25,000-30,000명 혹은 34,500명 정도로 어림 잡았고, 160문의 대포를 갖고 왔었다.","{'word': '러시아군', 'start_idx': 0, 'end_idx': 3, 'type': 'ORG'}","{'word': '25,000', 'start_idx': 10, 'end_idx': 15, 'type': 'NOH'}",no_relation,wikipedia
342,"소련군의 포위 결과 독일군 33,000명과 헝가리군 37,000명, 시민 800,000명이 부다페스트 도시 내로 고립되었다.","{'word': '소련군', 'start_idx': 0, 'end_idx': 2, 'type': 'ORG'}","{'word': '37,000명', 'start_idx': 29, 'end_idx': 35, 'type': 'NOH'}",no_relation,wikipedia
363,"광양시는 매년 120개의 생활체육대회와 10개의 전국 규모 체육대회를 개최하여 약 300억 원의 지역 실물경제에 보탬이 되고 있으며, 특히 원드서핑과 아이스하키, 어린이체육 교실 등 타지역보다 차별화된 종목을 운영하고 있다.","{'word': '광양시', 'start_idx': 0, 'end_idx': 2, 'type': 'ORG'}","{'word': '10개', 'start_idx': 22, 'end_idx': 24, 'type': 'NOH'}",no_relation,wikitree
440,"21세의 앙갱 공작 루이가 지휘하는 프랑스군은 재빠르게 스페인 군의 움직임에 반응하여 6,000명에 달하는 스페인 원군이 도착하기 전에 전투를 벌이려 하였다.","{'word': '스페인', 'start_idx': 31, 'end_idx': 33, 'type': 'ORG'}","{'word': '6,000명', 'start_idx': 48, 'end_idx': 53, 'type': 'NOH'}",no_relation,wikipedia
635,광주여자대학교(총장 이선재)는 지난 12일 본교 유니버시아드 체육관에서 화려하게 열린 2019 광주세계수영선수권대회 개회식에서 항공서비스학과 학생들로 구성된 69명의 피켓요원들이 그간의 사전훈련을 마치고 드디어 무대에 올랐다고 밝혔다.,"{'word': '광주여자대학교', 'start_idx': 0, 'end_idx': 6, 'type': 'ORG'}","{'word': '69명', 'start_idx': 88, 'end_idx': 90, 'type': 'NOH'}",no_relation,wikitree
714,"18,000명이 해당 경기를 관전했으며 스위스는 리히텐슈타인에 3-0 승리를 기록했다.","{'word': '스위스', 'start_idx': 22, 'end_idx': 24, 'type': 'ORG'}","{'word': '18,000명', 'start_idx': 0, 'end_idx': 6, 'type': 'NOH'}",no_relation,wikipedia
873,설 연휴기간 상하수도 관련 긴급민원이 발생하면 고양시상하수도사업소 당직실(031-8075-4488)을 통해 24시간 신고할 수 있다.,"{'word': '고양시', 'start_idx': 26, 'end_idx': 28, 'type': 'ORG'}","{'word': '031', 'start_idx': 41, 'end_idx': 43, 'type': 'NOH'}",no_relation,wikitree
927,정현복 광양시장의 환송과 함께 출전한 광양시 선수단은 전문체육분야 5개 종목(골볼·실내조정·시각볼링·시각탁구·쇼다운) 생활체육분야 5개 종목 (장기·피퍼·한궁·팔씨름·줄다리기) 등 10개 종목에 26명이 출전했다.,"{'word': '광양시', 'start_idx': 21, 'end_idx': 23, 'type': 'ORG'}","{'word': '10개', 'start_idx': 101, 'end_idx': 103, 'type': 'NOH'}",no_relation,wikitree
954,"한편 순천시는 아이들 부터 노년까지 세대 맞춤형 인구정책 추진으로 인구가 꾸준히 증가해, 10월말 기준으로 지난해 대비 2145명 증가한 281534명으로 전남 제1의 도시 달성에 한발 더 가까이 다가섰다.","{'word': '순천시', 'start_idx': 3, 'end_idx': 5, 'type': 'ORG'}","{'word': '281534명', 'start_idx': 77, 'end_idx': 83, 'type': 'NOH'}",org:number_of_employees/members,wikitree
1026,"2010년에 전 소녀시대 멤버였던 제시카가 당시 멤버 9명 중 미니홈피나 블로그 등을 하는 사람이 한 명도 없던 중에 10월 13일, 제시카가 처음으로 자신의 트위터 계정을 개설하였다.","{'word': '소녀시대', 'start_idx': 9, 'end_idx': 12, 'type': 'ORG'}","{'word': '9명', 'start_idx': 30, 'end_idx': 31, 'type': 'NOH'}",org:number_of_employees/members,wikipedia
1052,"1957년 가을, 중국 공산당 지도부의 지시에 따라 우호의 증거로 섬에 있는 학교 등 총 22,528.74 위안에 상당하는 고정자산과 함께 베트남(당시 북베트남)에 양도했다.","{'word': '중국 공산당', 'start_idx': 10, 'end_idx': 15, 'type': 'ORG'}","{'word': '22,528.74 위안', 'start_idx': 50, 'end_idx': 61, 'type': 'NOH'}",no_relation,wikipedia
1053,기타 소상공인 특례보증에 대한 궁금한 사항은 경기신용보증재단 고양지점(☎1577-5900)이나 인터넷(고양시청 콜센터(☎031-909-9000)(☎031-909-9000)로 문의하면 된다.,"{'word': '고양시', 'start_idx': 57, 'end_idx': 59, 'type': 'ORG'}","{'word': '031-909-9000', 'start_idx': 67, 'end_idx': 78, 'type': 'NOH'}",no_relation,wikitree
1124,"25일 한전 합격자 발표와 26일 광주시교육청에 따르면 광주자동화설비공업고등학교에서 24명(전기 분야), 광주전자공업고등학교 2명(전기 분야), 전남여자상업고등학교 3명(사무 분야), 광주여자상업고등학교에서 2명(사무 분야) 학생이 합격했다.","{'word': '광주전자공업고등학교', 'start_idx': 59, 'end_idx': 68, 'type': 'ORG'}","{'word': '전남여자상업고등학교', 'start_idx': 81, 'end_idx': 90, 'type': 'NOH'}",no_relation,wikitree
1151,"덴마크군은 홀슈타인-고토르프 공략에 20,000명의 지원병을 보냈고, 다른 곳을 공략할 때에도 지원군을 보냈다.","{'word': '덴마크군', 'start_idx': 0, 'end_idx': 3, 'type': 'ORG'}","{'word': '20,000명', 'start_idx': 20, 'end_idx': 26, 'type': 'NOH'}",no_relation,wikipedia
1175,"순천시가 지정한 전담제 대상은 교회, 학원, 콜센터, 숙박업소, 음식점, PC방·게임방, 노래방과 취약시설인 노인요양시설, 체육시설업종 등 21개 업종 2천 8백여 개의 집합시설이다.","{'word': '순천시', 'start_idx': 0, 'end_idx': 2, 'type': 'ORG'}","{'word': '21개', 'start_idx': 78, 'end_idx': 80, 'type': 'NOH'}",no_relation,wikitree
1420,"한편, 광주 서구는 ‘주민주도의 좋은 마을만들기’사업을 통해 18개동에서 100여개의 마을공동체가 왕성한 활동을 펼치고 있다.","{'word': '광주 서구', 'start_idx': 4, 'end_idx': 8, 'type': 'ORG'}","{'word': '18개', 'start_idx': 34, 'end_idx': 36, 'type': 'NOH'}",org:number_of_employees/members,wikitree
1466,"소련군은 9 군(초기)와 9군에서 별도로 분리된 독립 해안군이 강한 저항을 하였고, 오데사의 흑해 함대가 참여한 루마니아의 73일 간의 공방전으로, 총 93,000명의 사상자가 발생했고 그 중 41,000명은 소련군이었다.","{'word': '소련군', 'start_idx': 0, 'end_idx': 2, 'type': 'ORG'}","{'word': '93,000명', 'start_idx': 85, 'end_idx': 91, 'type': 'NOH'}",no_relation,wikipedia
1547,2011년 러시아 의회 선거(Парламентские выборы в России 2011)는 2011년 450석의 국가두마 의회 의원들을 뽑기 위한 총선거이다.,"{'word': '국가두마', 'start_idx': 65, 'end_idx': 68, 'type': 'ORG'}","{'word': '450석', 'start_idx': 59, 'end_idx': 62, 'type': 'NOH'}",org:number_of_employees/members,wikipedia
1561,광양시는 국민권익위원회가 전국 610개 공공기관을 대상으로 하는 '2019년도 공공기관 청렴도' 측정 결과 작년에 이어 2년 연속 청렴도 1등급 기관에 선정됐다고 9일 밝혔다.,"{'word': '광양시', 'start_idx': 0, 'end_idx': 2, 'type': 'ORG'}","{'word': '610개', 'start_idx': 17, 'end_idx': 20, 'type': 'NOH'}",no_relation,wikitree
1714,‘해커스 20대기업 인적성 검사’ 베스트셀러 1위 근거/각 분야 1위 스타 강사 근거/‘대기업 인적성 패키지’에 대한 자세한 사항은 헤럴드 선정 2018 대학생 선호 브랜드 대상 ’취업 강의’ 1위 해커스잡에서 확인할 수 있다.,"{'word': '헤럴드', 'start_idx': 74, 'end_idx': 76, 'type': 'ORG'}","{'word': '대기업', 'start_idx': 7, 'end_idx': 9, 'type': 'NOH'}",no_relation,wikitree
1735,"이에 순천시 문화예술회관은 시민들의 의견을 수렴하여 예산 절감과 효율적 예술단 운영을 위해 2020년 12월 31일을 마지막으로 시립청소년 교향악단 폐지하고, 향후 악기 연주에 실력있는 청소년 육성을 위해 음악영재아카데미를 2021년 1월부터 운영할 계획이며, 현재 순천시내 11개 학교에서 운영중인 청소년 오케스트라의 활성화를 유도할 계획이다.","{'word': '순천시', 'start_idx': 3, 'end_idx': 5, 'type': 'ORG'}","{'word': '11개', 'start_idx': 154, 'end_idx': 156, 'type': 'NOH'}",no_relation,wikitree
1761,"양주시 시정조정위원회와 공약 시민평가단의 심의를 거쳐 확정한 6대 시정목표와 17개 추진전략, 108개 공약사항을 시 홈페이지에 공개하는 등 시민 소통의 새로운 패러다임을 제시했다.","{'word': '양주시', 'start_idx': 0, 'end_idx': 2, 'type': 'ORG'}","{'word': '17개', 'start_idx': 43, 'end_idx': 45, 'type': 'NOH'}",no_relation,wikitree
1794,"모로의 56,000명의 강력한 군대는 64,000여 명의 오스트리아 군-바이에른 군과 교전을 벌였다.","{'word': '오스트리아 군', 'start_idx': 32, 'end_idx': 38, 'type': 'ORG'}","{'word': '56,000명', 'start_idx': 4, 'end_idx': 10, 'type': 'NOH'}",no_relation,wikipedia
1976,"양측의 피해는 오스트리아군이 사상자 2,036명(장교 21명, 병사 2, 015명), 대포 12문, 박격포 2문을 잃었고 프랑스군은 정확히 밝혀지지는 않았지만 약 500명의 사상자가 나왔다.","{'word': '오스트리아군', 'start_idx': 8, 'end_idx': 13, 'type': 'ORG'}","{'word': '12문', 'start_idx': 51, 'end_idx': 53, 'type': 'NOH'}",no_relation,wikipedia
2012,면 마스크 제작은 지난 11일부터 20일까지 ‘보성군 마스크 의병단’을 꾸려 보성군여성단체협의회와 소비자교육중앙회 보성지회 등 10개 봉사단체에서 100여명의 재능나눔 봉사자들이 힘을 보탰다.,"{'word': '보성군', 'start_idx': 26, 'end_idx': 28, 'type': 'ORG'}","{'word': '10개', 'start_idx': 71, 'end_idx': 73, 'type': 'NOH'}",no_relation,wikitree
2063,삼성엔지니어링은 지난 23일 사우디 국영석유회사 아람코(Aramco)와 약 2조1000억원(약 18억5000만달러)의 '하위야 우나이자 가스 저장 프로젝트'에 대한 계약을 체결했다고 28일 밝혔다.,"{'word': '아람코', 'start_idx': 27, 'end_idx': 29, 'type': 'ORG'}","{'word': '약 2조1000억원', 'start_idx': 40, 'end_idx': 49, 'type': 'NOH'}",no_relation,wikitree
2091,"오스트리아-헝가리는 3월 11일 15개 사단을 동원해 트렌티노 공세(아시아고 전투)를 개시했으나, 아무런 성과도 올리지 못했다.","{'word': '오스트리아', 'start_idx': 0, 'end_idx': 4, 'type': 'ORG'}","{'word': '15개', 'start_idx': 18, 'end_idx': 20, 'type': 'NOH'}",no_relation,wikipedia
2378,전남 화순군(구충곤)은 오는 19일부터 65세 이상 국민기초생활보장 수급자를 대상으로 군 보건소와 보건지소(12개소)에서 무료 대상포진 예방 접종을 시행한다고 밝혔다.,"{'word': '화순군', 'start_idx': 3, 'end_idx': 5, 'type': 'ORG'}","{'word': '12개', 'start_idx': 60, 'end_idx': 62, 'type': 'NOH'}",no_relation,wikitree
2486,"이 날 시위를 주도한 베트남 애국청년단 등은 적게는 100명, 많게는 1000명 규모로 몰려다니면서 대한민국, 중화민국, 싱가포르 등 다국적기업 내에 진입하여 반중시위에 동참하라고 선동하고 파업을 유도하며 기물을 파손했다.","{'word': '베트남', 'start_idx': 12, 'end_idx': 14, 'type': 'ORG'}","{'word': '000', 'start_idx': 40, 'end_idx': 42, 'type': 'NOH'}",no_relation,wikipedia
2538,"그는 “SK텔레콤의 3분기 매출액은 지난해 같은 기간보다 5% 늘어난 4조4410억원, 영업이익은 10% 증가한 3330억원으로 예상한다”라며 “우선 무선사업부에서 무선 ARPU 하락이 더 이상 지속되지 않을 것으로 기대한다”라고 진단했다.","{'word': 'SK텔레콤', 'start_idx': 4, 'end_idx': 8, 'type': 'ORG'}","{'word': '3330억원', 'start_idx': 63, 'end_idx': 68, 'type': 'NOH'}",no_relation,wikitree
2548,"알바니아 의회 (""Kuvendi i Shqipërisë"")의 140석은 12개의 주에 할당된 12개의 선거구에서 선출되었다.","{'word': '알바니아 의회', 'start_idx': 0, 'end_idx': 6, 'type': 'ORG'}","{'word': '140', 'start_idx': 34, 'end_idx': 36, 'type': 'NOH'}",no_relation,wikipedia
2552,"키몬다는 3개의 대륙에 5개의 300mm 제조 시설을 두었고, 연구개발 인력 1,800명을 포함하여 세계에 약 12,000명의 직원이 있었다.","{'word': '키몬다', 'start_idx': 0, 'end_idx': 2, 'type': 'ORG'}","{'word': '12,000명', 'start_idx': 62, 'end_idx': 68, 'type': 'NOH'}",org:number_of_employees/members,wikipedia
2609,"특히 지난 7월 제15회 U-18 고양국제여자축구교류전을 개최, 한국·중국·일본·베트남 대표팀 200여 명이 대회기간 고양시를 머물며 숙박, 관광, 기념품 등을 구입하고 2,000여 명의 관중이 경기장을 찾는 등 스포츠 유관산업 활성화에 큰 기여를 했다고 평가받았다.","{'word': '베트남', 'start_idx': 45, 'end_idx': 47, 'type': 'ORG'}","{'word': '2,000여 명', 'start_idx': 95, 'end_idx': 102, 'type': 'NOH'}",no_relation,wikitree
2730,"(남베트남 정부에 따르면 북베트남 육군과 베트콩에 의해 2, 800명이 처형됨). 공산군은 약 2,400 ~ 8,000명의 사망자를 냈고, 연합군은 668명의 사망자와 3,707명의 부상자를 기록했다.","{'word': '남베트남 정부', 'start_idx': 1, 'end_idx': 7, 'type': 'ORG'}","{'word': '8,000명', 'start_idx': 61, 'end_idx': 66, 'type': 'NOH'}",no_relation,wikipedia
2743,"순창군은 지난해 음식점 10개소에 4000만원의 예산을 투입, 좌식테이블을 입식테이블로 전면 교체하는 사업을 추진했다.","{'word': '순창군', 'start_idx': 0, 'end_idx': 2, 'type': 'ORG'}","{'word': '10개', 'start_idx': 13, 'end_idx': 15, 'type': 'NOH'}",no_relation,wikitree
2797,유니세프 아동친화도시로서 아이키우기 좋은 도시를 표방하고 있는 순천시에서는 안전한 보육환경 조성과 보육교직원 복지향상을 위해 관내 221개 어린이집에 안전공제회 보험료를 전액 지원한다고 밝혔다.,"{'word': '순천시', 'start_idx': 35, 'end_idx': 37, 'type': 'ORG'}","{'word': '221개', 'start_idx': 73, 'end_idx': 76, 'type': 'NOH'}",no_relation,wikitree
2843,"이 전투에서 프리드리히 대왕이 지휘하는 67,000명 군세는 60,000명의 오스트리아군을 퇴각시켰으나 프리드리히 대왕의 군세는 14,300명의 병력을 잃었고, 이 피해로 인해 프로이센군은 프라하를 공격할 전력을 상실하고 말았다.","{'word': '오스트리아군', 'start_idx': 43, 'end_idx': 48, 'type': 'ORG'}","{'word': '60,000명', 'start_idx': 34, 'end_idx': 40, 'type': 'NOH'}",no_relation,wikipedia
2907,"TBC, KNN, TJB, kbc, CJB, ubc, G1 등은 낮 12시 25분에 민방 네트워크 뉴스를 편성하고, JTV는 낮 12시 30분에 JTV 뉴스 (1230)를 편성하며, JIBS는 낮 12시 25분에 JIBS 낮 뉴스를 편성한다.","{'word': 'TJB', 'start_idx': 10, 'end_idx': 12, 'type': 'ORG'}","{'word': '1230', 'start_idx': 89, 'end_idx': 92, 'type': 'NOH'}",no_relation,wikipedia
3170,국적 2위 항공사인 아시아나항공[020560]의 새 주인을 찾기 위한 매각 우선협상대상자로 'HDC현대산업개발-미래에셋대우 컨소시엄'이 선정됐다.,"{'word': '아시아나항공', 'start_idx': 11, 'end_idx': 16, 'type': 'ORG'}","{'word': '020560', 'start_idx': 18, 'end_idx': 23, 'type': 'NOH'}",org:alternate_names,wikitree
3694,"계명대 동산병원은 대지 4만 228㎡(1만 2천 169평), 연면적 17만 9천 218㎡(5만 4천 213평), 지하5층, 지상20층의 1,041병상을 갖춘 지역 최대 규모의 의료기관으로 지난해 9월 28일 달서구청으로부터 준공 승인을 받고, 올해 4월 15일 개원했다.","{'word': '동산병원', 'start_idx': 4, 'end_idx': 7, 'type': 'ORG'}","{'word': '1,041병상', 'start_idx': 76, 'end_idx': 82, 'type': 'NOH'}",no_relation,wikitree
3749,"오스트리아군은 12,000명의 병력을 잃었고, 4,500명이 포로로 잡혔다.","{'word': '오스트리아', 'start_idx': 0, 'end_idx': 4, 'type': 'ORG'}","{'word': '12,000명', 'start_idx': 8, 'end_idx': 14, 'type': 'NOH'}",no_relation,wikipedia
3752,"전세계적인 경제위기 속에서도 한국 경제는 올해 OECD 37개국 가운데 성장률 1위를 기록하고, GDP 규모에서도 세계 10위권 안으로 진입할 것으로 전망되고 있습니다.","{'word': 'OECD', 'start_idx': 26, 'end_idx': 29, 'type': 'ORG'}","{'word': '37개국', 'start_idx': 31, 'end_idx': 34, 'type': 'NOH'}",org:number_of_employees/members,policy_briefing
3977,"변(卞)씨는 2015년 대한민국 통계청 인구조사에서 78,156명으로 조사되어 한국 성씨 인구 59위이다.","{'word': '통계청 인구조사', 'start_idx': 18, 'end_idx': 25, 'type': 'ORG'}","{'word': '78,156명', 'start_idx': 29, 'end_idx': 35, 'type': 'NOH'}",no_relation,wikipedia
4085,"심 대표는 이어 ""정의당이 지난 대통령선거때 제시했던 청년사회상속제(1000만원)를 청년기초자산제(3000만원~5000만원)으로 확대해서 재설계하는 이유는 청년들이 부모의 도움이 없더라도 사회에서 자립하기 위한 최소한의 종자돈의 규모를 고려했기 때문""이라고 밝혔다.","{'word': '정의당', 'start_idx': 10, 'end_idx': 12, 'type': 'ORG'}","{'word': '1000만원', 'start_idx': 38, 'end_idx': 43, 'type': 'NOH'}",no_relation,wikitree
4434,"한편 군산시는 재난 기본소득 외에도 실질적으로 경제적 어려움을 겪고 있는 소상공인과 취약계층을 지원하기 위해 확진자 방문 휴폐업 점포 지원사업, 일자리 안정자금 지원, 특별 돌봄 쿠폰 등 총 16개 국·도·시비 지원사업과 착한임대인 지원 및 세제 감면 등을 통해 촘촘한 지원을 펼쳐나갈 계획이다.","{'word': '군산시', 'start_idx': 3, 'end_idx': 5, 'type': 'ORG'}","{'word': '16개', 'start_idx': 107, 'end_idx': 109, 'type': 'NOH'}",no_relation,wikitree
4491,"지난해 연수구 노인인력개발센터의 노인일자리 사업에는 25개 사업 2,057명이, 연수구 노인복지관은 15개 사업 850명이 참여했으며, 올해는 노인인력개발센터 총29개 사업 2,498명, 노인복지관은 총 15개 사업 850명의 어르신들이 참여하고 있다.","{'word': '연수구', 'start_idx': 4, 'end_idx': 6, 'type': 'ORG'}","{'word': '15개', 'start_idx': 56, 'end_idx': 58, 'type': 'NOH'}",no_relation,wikitree
4632,기성용 선수가 이적이 유력한 레알 베티스는 스페인 라리가에서 현재 20개 팀 가운데 12위를 차지하고 있는 중위권이다.,"{'word': '라리가', 'start_idx': 28, 'end_idx': 30, 'type': 'ORG'}","{'word': '20개', 'start_idx': 37, 'end_idx': 39, 'type': 'NOH'}",org:number_of_employees/members,wikitree
4685,"2011년, 리그 1의 파리 생제르맹이 그를 €39.8M에 영입하였다.","{'word': '파리 생제르맹', 'start_idx': 13, 'end_idx': 19, 'type': 'ORG'}","{'word': '리그 1', 'start_idx': 7, 'end_idx': 10, 'type': 'NOH'}",org:member_of,wikipedia
4733,"그 시점에서 스웨덴군은 속출한 동사자로 인해 20,000명으로 줄어들었고, 거기에 폴타바에서 출격할 러시아군을 견제하기 위해 군대의 일부를 할양해야 했기에 공격에 사용할 수 있는 병력은 약 17,000명 정도였다.","{'word': '러시아군', 'start_idx': 56, 'end_idx': 59, 'type': 'ORG'}","{'word': '20,000', 'start_idx': 25, 'end_idx': 30, 'type': 'NOH'}",no_relation,wikipedia
4873,"정의당은 그린뉴딜 정책에 '2030년까지 석탄화력발전소 폐쇄, 재생에너지 발전 비중 40%로 확대, 2030년까지 전기자동차 1000만 시대 개막' 등 온실가스 감축 방안을 포함해 그린피스 제안에 화답했다.","{'word': '정의당', 'start_idx': 0, 'end_idx': 2, 'type': 'ORG'}","{'word': '1000만', 'start_idx': 70, 'end_idx': 74, 'type': 'NOH'}",no_relation,wikitree
4907,"이 전투에서 연합군은 약 17,000명을 잃었고, 오스트리아군은 약 22,000명을 잃었다.","{'word': '오스트리아', 'start_idx': 28, 'end_idx': 32, 'type': 'ORG'}","{'word': '17,000명', 'start_idx': 14, 'end_idx': 20, 'type': 'NOH'}",no_relation,wikipedia
4939,"한편, 순천시는 221개 어린이집에서 8,584명의 영유아를 보육하고 있다.","{'word': '순천시', 'start_idx': 4, 'end_idx': 6, 'type': 'ORG'}","{'word': '221개', 'start_idx': 9, 'end_idx': 12, 'type': 'NOH'}",no_relation,wikitree
5143,자세한 내용은 경기도경제과학진흥원 창업지원팀(031-888-8601~8602)또는 경기도 창업활성화팀(031-8030-4273)에서 문의가 가능하다.,"{'word': '경기도경제과학진흥원 창업지원팀', 'start_idx': 8, 'end_idx': 23, 'type': 'ORG'}","{'word': '031-888-8601~8602', 'start_idx': 25, 'end_idx': 41, 'type': 'NOH'}",no_relation,wikitree
5351,광산구는 2월 11일부터 21개 동 행정복지센터에 400L 소독약품 저장탱크를 설치해 시민들에게 살균소독제 나눠주고 있다.,"{'word': '광산구', 'start_idx': 0, 'end_idx': 2, 'type': 'ORG'}","{'word': '21개', 'start_idx': 14, 'end_idx': 16, 'type': 'NOH'}",org:number_of_employees/members,wikitree
5390,"목포시(시장 김종식)는 총 연장 3.23km(해상 0.82, 육상 2.41)로 우리나라에서 가장 긴 목포해상케이블카의 개통일정을 사업시행자인 목포해상케이블카(주)와 협의한 결과 오는 9월 6일 개통할 계획이라고 밝혔다.","{'word': '목포해상케이블카', 'start_idx': 79, 'end_idx': 86, 'type': 'ORG'}","{'word': '3.23km', 'start_idx': 18, 'end_idx': 23, 'type': 'NOH'}",no_relation,wikitree
5818,"서울대학교 8회(9, 10, 14, 25, 26, 27, 30, 32회) 한국예술종합학교 6회(15, 16, 19, 20, 21, 33회), 중앙대학교 5회(4, 12, 18, 22, 29회), 한양대학교 3회(3, 23, 31회), 전북대학교 2회(17, 28회), 단국대학교 1회(8회), 서울예술대학교 1회(11회), 추계예술대학교 1회(2회), 이화여자대학교 1회(13회).","{'word': '학교 2', 'start_idx': 134, 'end_idx': 137, 'type': 'ORG'}","{'word': '학교 3', 'start_idx': 112, 'end_idx': 115, 'type': 'NOH'}",no_relation,wikipedia
5826,"한편, 정의당은 지난 9일 만 20세가 되는 청년들에게 기초자산 3000~5000만원을 주는 '청년사회상속제'를 1호 총선 공약으로 제안해 '포퓰리즘 정책'이라고 비판받기도 했다.","{'word': '정의당', 'start_idx': 4, 'end_idx': 6, 'type': 'ORG'}","{'word': '5000만원', 'start_idx': 41, 'end_idx': 46, 'type': 'NOH'}",no_relation,wikitree
5833,"순천시는 다중이 모이는 행사를 취소하거나 연기하라는 정부의 방침과 무엇보다 시민의 안전이 최우선이라는 시 정책에 따라 2월 3일(월)부터 계속 진행할 예정이였던 향동, 매곡동 등 13개 지역 시민과의 대화 일정을 총선 이후로 연기하기로 결정한 것이다.","{'word': '순천시', 'start_idx': 0, 'end_idx': 2, 'type': 'ORG'}","{'word': '13개', 'start_idx': 100, 'end_idx': 102, 'type': 'NOH'}",no_relation,wikitree
5849,"중앙은 네덜란드, 독일, 프로테스탄트 스위스, 스코틀랜드 보병대(약 30, 000명으로 구성되어 있었다.)가 오푸스와 라미예를 정면에 두고 배치되어 있었다.","{'word': '스위스', 'start_idx': 21, 'end_idx': 23, 'type': 'ORG'}","{'word': '30, 000명', 'start_idx': 38, 'end_idx': 45, 'type': 'NOH'}",no_relation,wikipedia
5938,"또한 12월 9일 부터 전체 파병인원 520여명에 2척의 성인봉, 비로봉과 중형굴삭기등 재해복구에 필요한 장비 19종 30대, 물자 12종 35t등을 탑재한 대규모의 아라우 부대를 필리핀 현지에 파견하여 지원을 시작하였다.","{'word': '아라우 부대', 'start_idx': 93, 'end_idx': 98, 'type': 'ORG'}","{'word': '520여명', 'start_idx': 21, 'end_idx': 25, 'type': 'NOH'}",org:number_of_employees/members,wikipedia
6262,"7월 우크라이나군의 반격으로 루한스크주 영역의 거의 대부분을 잃고 주역의 절반 이하를 장악하고 있으나, 우크라이나 당국은 주 인구의 64.4%(150만여 명)가 루간스크 인민 공화국의 통제 하에 있는 것으로 파악한다.","{'word': '우크라이나군', 'start_idx': 3, 'end_idx': 8, 'type': 'ORG'}","{'word': '150', 'start_idx': 80, 'end_idx': 82, 'type': 'NOH'}",no_relation,wikipedia
6871,"참여 희망 창업자는 ‘경기스타트업플랫폼(통해 신청하면 되며, 자세한 내용은 경기도(창업지원팀 031-8030-4273)(창업지원팀 031-8030-4273) 또는 경기도경제과학진흥원창업지원팀 031-888-8601~8602 에서 문의가 가능하다.","{'word': '경기도', 'start_idx': 91, 'end_idx': 93, 'type': 'ORG'}","{'word': '031', 'start_idx': 73, 'end_idx': 75, 'type': 'NOH'}",no_relation,wikitree
7034,체험마을에 대한 문의는 전라남도 농업정책과(061-286-6232)와 전남 농촌체험관광 누리집( 자세히 안내 받을 수 있다.,"{'word': '전라남도', 'start_idx': 13, 'end_idx': 16, 'type': 'ORG'}","{'word': '061', 'start_idx': 24, 'end_idx': 26, 'type': 'NOH'}",no_relation,wikitree
7159,"그동안 광양시는 시내버스 차량 57대와 차고지 2곳, 중마버스터미널과 광양버스임시매표소, 택시 10개 업체 차량 409대, 전세버스 9개 업체 차량 162대, 특수여객 6개 업체 차량 15대 등 여객자동차 운수업체에 대한 방역과 개인위생 강화에 힘써왔다.","{'word': '광양시', 'start_idx': 4, 'end_idx': 6, 'type': 'ORG'}","{'word': '10개', 'start_idx': 53, 'end_idx': 55, 'type': 'NOH'}",no_relation,wikitree
7239,처음엔 격퇴당했던 이탈리아군이 독일군의 연합과 지원을 받아 그리스를 공략하자 연합군 5만 7000명은 그리스 본토에서 철수했다.,"{'word': '이탈리아', 'start_idx': 10, 'end_idx': 13, 'type': 'ORG'}","{'word': '7000명', 'start_idx': 50, 'end_idx': 54, 'type': 'NOH'}",no_relation,wikipedia
7255,"권성률 DB금융투자 연구원은 ""LG디스플레이의 3분기 매출액은 6조 800억원, 영업이익은 -4160억원으로 적자폭이 예상치보다 클 것으로 보인다""며 ""이는 LCD 패널 가격의 급락이 원인으로 꼽힌다""고 분석했다.","{'word': 'LG디스플레이', 'start_idx': 17, 'end_idx': 23, 'type': 'ORG'}","{'word': '6조 800억원', 'start_idx': 35, 'end_idx': 42, 'type': 'NOH'}",no_relation,wikitree
7448,한편 올해 말이 되면 남원시에서 운영하는 공공 와이파이존은 115개소에 185대로 늘어나게 된다.,"{'word': '남원시', 'start_idx': 12, 'end_idx': 14, 'type': 'ORG'}","{'word': '115개', 'start_idx': 33, 'end_idx': 36, 'type': 'NOH'}",no_relation,wikitree
7629,"정부는 지난 18일 한-베트남 외교장관회담 등 여러 계기를 통해 9000여 개의 우리 기업이 활동 중인 베트남과의 항공로 복원을 위해 다양한 노력을 기울여온 끝에, 24일 최종 합의에 이르게 됐다.","{'word': '베트남', 'start_idx': 58, 'end_idx': 60, 'type': 'ORG'}","{'word': '9000', 'start_idx': 36, 'end_idx': 39, 'type': 'NOH'}",no_relation,policy_briefing
7862,20001년부터 2012년까지 K리그의 2군리그인 R리그에 참여하였으며 2013년 특정 연고지 없이 경찰 축구단이라는 명칭으로 K리그 챌린지에 참가하였다.,"{'word': 'R리그', 'start_idx': 28, 'end_idx': 30, 'type': 'ORG'}","{'word': '2군리그', 'start_idx': 22, 'end_idx': 25, 'type': 'NOH'}",org:alternate_names,wikipedia
7905,"비트의 대대가 동부 전선에서 첫 전투를 경험한 것은 1941년 8월 초로 키예프 근방에서 600,000명 이상의 소련군을 포위, 섬멸 중에 있던 제1 기갑 집단으로 소속이 변경된 후였다.","{'word': '소련군', 'start_idx': 63, 'end_idx': 65, 'type': 'ORG'}","{'word': '600,000명', 'start_idx': 50, 'end_idx': 57, 'type': 'NOH'}",no_relation,wikipedia
8308,"동시에, 소련군은 병사 15,000명과 탄약 지원을 받았다.","{'word': '소련군', 'start_idx': 5, 'end_idx': 7, 'type': 'ORG'}","{'word': '15,000명', 'start_idx': 13, 'end_idx': 19, 'type': 'NOH'}",no_relation,wikipedia
8367,광일고등학교(교장 기민철)가 지난 19일 연석관에서 48명의 학생에게 교내외 ‘장학증서 및 2천 500여만원의 장학금 수여식’을 가졌다.,"{'word': '광일고등학교', 'start_idx': 0, 'end_idx': 5, 'type': 'ORG'}","{'word': '48명', 'start_idx': 29, 'end_idx': 31, 'type': 'NOH'}",no_relation,wikitree
8509,"경기 포천시의회(의장 조용춘)는 26일 제147회 임시회 제2차 본회의를 열고 2020년도 제1회 추가경정예산안을 비롯한 예산안 2건, 조례안 10건, 기타안 6건 등 총 18건의 안건을 처리하고 지난 19일부터 8일간 진행된 의사일정을 마무리했다.","{'word': '포천시', 'start_idx': 3, 'end_idx': 5, 'type': 'ORG'}","{'word': '147', 'start_idx': 23, 'end_idx': 25, 'type': 'NOH'}",no_relation,wikitree
8590,애플 IIGS는 CPU를 웨스턴 디자인 센터(Western Design Center)의 65C816 16비트 마이크로프로세서를 사용하였으며 속도는 2.8 MHz 가량이었다.,"{'word': '애플 IIGS', 'start_idx': 0, 'end_idx': 6, 'type': 'ORG'}","{'word': '65C816', 'start_idx': 49, 'end_idx': 54, 'type': 'NOH'}",no_relation,wikipedia
8673,기타 소상공인 특례보증에 대한 궁금한 사항은 경기신용보증재단 고양지점(☎1577-5900)이나 인터넷(고양시청 콜센터(☎031-909-9000)(☎031-909-9000)로 문의하면 된다.,"{'word': '고양시', 'start_idx': 57, 'end_idx': 59, 'type': 'ORG'}","{'word': '031', 'start_idx': 67, 'end_idx': 69, 'type': 'NOH'}",no_relation,wikitree
9247,"1957년에 고등학교를 졸업한 후 댈코우스키는 곧바로 볼티모어 오리올스와 4,000 달러의 사이닝 보너스에 계약을 맺고 테네시 주 킹스포트에 위치한 D 클래스의 마이너리그 조직에서 활동을 하기 시작했다.","{'word': '볼티모어 오리올스', 'start_idx': 30, 'end_idx': 38, 'type': 'ORG'}","{'word': '4,000 달러', 'start_idx': 41, 'end_idx': 48, 'type': 'NOH'}",no_relation,wikipedia
9261,"한편, 광산구는 운남·우산·첨단2동에 이어 올해 어룡·수완동으로 주민자치회를 확대하고, 단계적으로 21개 동으로 확대하는 등 주민자치회 시범사업 확대·본격화를 민선7기 중요 정책으로 추진하고 있다.","{'word': '광산구', 'start_idx': 4, 'end_idx': 6, 'type': 'ORG'}","{'word': '21개', 'start_idx': 55, 'end_idx': 57, 'type': 'NOH'}",org:number_of_employees/members,wikitree
9342,"네덜란드 공화국은 낭트 칙령의 폐지 후에 측량된 75,000명에서 10,000명과 함께 위그노 난민들의 가장 큰 단체를 받았다.","{'word': '네덜란드 공화국', 'start_idx': 0, 'end_idx': 7, 'type': 'ORG'}","{'word': '75,000명', 'start_idx': 27, 'end_idx': 33, 'type': 'NOH'}",no_relation,wikipedia
9471,"그는 “울산 플랜트 생산량이 1만5000톤 감소하고, 이 물량을 베트남 광남 플랜트에서 할당 받을 것으로 예상되기 때문”이라며 “하지만 손익 측면에서는 100억원 이상의 절감 효과가 발생할 전망”이라고 부연했다.","{'word': '베트남', 'start_idx': 36, 'end_idx': 38, 'type': 'ORG'}","{'word': '1만5000톤', 'start_idx': 16, 'end_idx': 22, 'type': 'NOH'}",no_relation,wikitree
9602,참고로 남정여객에서 073번 버스 노선에 운행하고 있었던 스타렉스 차량은 자일대우 레스타 차량으로 이미 대차한 바 있다.,"{'word': '남정여객', 'start_idx': 4, 'end_idx': 7, 'type': 'ORG'}","{'word': '073', 'start_idx': 11, 'end_idx': 13, 'type': 'NOH'}",no_relation,wikipedia
10084,"2009년 8월 19일, 베이스는 처음으로 풀타임을 치렀는데 94,000명의 관중들 앞에서 바르셀로나를 상대한 후안 감퍼 트로피 경기였다.","{'word': '바르셀로나', 'start_idx': 51, 'end_idx': 55, 'type': 'ORG'}","{'word': '94,000명', 'start_idx': 34, 'end_idx': 40, 'type': 'NOH'}",no_relation,wikipedia
10187,"코소보 전투 당시 17~20기를 사용하였으며, 이후 2001년 아프가니스탄 전쟁과 2003년 이라크 전쟁의 텔릭 작전(영국군이 실행한 작전)에서 토마호크를 사용하였다.","{'word': '영국군', 'start_idx': 66, 'end_idx': 68, 'type': 'ORG'}","{'word': '20기', 'start_idx': 13, 'end_idx': 15, 'type': 'NOH'}",no_relation,wikipedia
10554,해남군은 2019년 공모사업을 통해 35ha의 황칠 특화림을 조성한데 이어 2020년에는 25.2ha가 증가된 60여ha 규모로 화산면 방축지구 등 13개 지구에 황칠 특화림 단지를 조성할 계획이다.,"{'word': '해남군', 'start_idx': 0, 'end_idx': 2, 'type': 'ORG'}","{'word': '13개', 'start_idx': 83, 'end_idx': 85, 'type': 'NOH'}",no_relation,wikitree
10650,"또 “정부는 민생위기 극복을 위해 당장 3조 4000억 원의 예비비를 신속히 집행하는 것이 중요하다”면서 “정의당은 마스크 무상지급 예산과 유급 돌봄 국가지원 예산, 중소상인들의 영업손실 보존 예산과 고용안정망 밖에 있는 노동자 고용유지지원 예산을 포함한 추경방안을 곧 제시하겠다”고 말했다.","{'word': '정의당', 'start_idx': 60, 'end_idx': 62, 'type': 'ORG'}","{'word': '3조 4000', 'start_idx': 22, 'end_idx': 28, 'type': 'NOH'}",no_relation,wikitree
10661,"러시아 내전 때인 1920년에 백계 러시아군 5,000명이 몽골을 침략했다.","{'word': '러시아군', 'start_idx': 20, 'end_idx': 23, 'type': 'ORG'}","{'word': '5,000명', 'start_idx': 25, 'end_idx': 30, 'type': 'NOH'}",org:number_of_employees/members,wikipedia
10704,"그러나, 국철 재건법에 의해 사카리 선이 제1차 특정지방교통선으로 지정되어, 일본철도건설공단이 건설중이던 요시하마 - 가마이시 구간은 공사가 중단되었지만, 이와테 현등이 중심으로 설립한 제3섹터 방식의 회사 산리쿠 철도가 기존의 구간을 포함해 인계받기로 하면서 공사를 재개했고 1984년 4월 1일 사카리 선이 산리쿠 철도로 전환되면서 동시에 미나미리아스 선으로 개업했다.","{'word': '산리쿠 철도', 'start_idx': 116, 'end_idx': 121, 'type': 'ORG'}","{'word': '제3섹터', 'start_idx': 104, 'end_idx': 107, 'type': 'NOH'}",no_relation,wikipedia
10711,"미 하원은 11일(현지시간)이 주한미군 규모를 현 2만8500명 수준을 유지한다는 내용이 담긴 '2020회계연도 국방수권법(NDAA)' 을 찬성 377표, 반대 48표로 통과시켰다고 연합뉴스가 로이터통신을 인용해 보도했다.","{'word': '주한미군', 'start_idx': 17, 'end_idx': 20, 'type': 'ORG'}","{'word': '2만8500명', 'start_idx': 28, 'end_idx': 34, 'type': 'NOH'}",org:number_of_employees/members,wikitree
10907,"스위스군은 7,000명의 보병부대와 2,000명의 기병부대로 이루어진 전위부대(포어후드, Vorhut)를 우익에서 공격하게 했고, 8,000명의 보병부대와 1,300명의 기병부대로 이루어진 주력부대(게발트후드, Gewalthut)는 부르고뉴 군의 좌측 옆구리를 공격하기 위해 어려운 길을 우회하여 행군해 나무가 우거지고 눈이 두텁게 쌓인 경사면 위에서 진지를 구축했으나, 부르고뉴군이 대기하던 장소는 시야에 들어오지 않았다.","{'word': '스위스군', 'start_idx': 0, 'end_idx': 3, 'type': 'ORG'}","{'word': '2,000명', 'start_idx': 20, 'end_idx': 25, 'type': 'NOH'}",no_relation,wikipedia
11002,한국해양대학교 제8대 도덕희 총장 취임식이 12월 2일 오후 2시 대학 대강당에서 열린다.,"{'word': '한국해양대학교', 'start_idx': 0, 'end_idx': 6, 'type': 'ORG'}","{'word': '도덕희', 'start_idx': 12, 'end_idx': 14, 'type': 'NOH'}",org:top_members/employees,wikitree
11041,"카츠바흐 전투가 벌어진 날과 같은 날, 슈바르첸베르크 원수는 200,000명에 달하는 보헤미아의 오스트리아군이 이끌고, 오스트리아 황제, 러시아 차르, 프로이센 왕과 함께 생 시르 원수를 공격하였다.","{'word': '오스트리아군', 'start_idx': 54, 'end_idx': 59, 'type': 'ORG'}","{'word': '200,000명', 'start_idx': 34, 'end_idx': 41, 'type': 'NOH'}",org:number_of_employees/members,wikipedia
11185,개도국으로 인정하기 어려운 4가지 기준으로는 ▲ 경제협력개발기구(OECD) 가입국 ▲ 주요 20개국(G20) 회원국 ▲ 세계은행에서 분류한 고소득 국가 ▲ 세계 상품무역에서의 비중이 0.5% 이상을 제시했다.,"{'word': 'OECD', 'start_idx': 36, 'end_idx': 39, 'type': 'ORG'}","{'word': '20개국', 'start_idx': 51, 'end_idx': 54, 'type': 'NOH'}",no_relation,wikitree
11193,설 연휴기간 동안 상하수도 관련 긴급 민원이 발생하면 고양시상하수도사업소 당직실(031-8075-4488)을 통해 24시간 신고가 가능하다.,"{'word': '고양시상하수도사업소 당직실', 'start_idx': 30, 'end_idx': 43, 'type': 'ORG'}","{'word': '031-8075-4488', 'start_idx': 45, 'end_idx': 57, 'type': 'NOH'}",no_relation,wikitree
11451,"USC는 Princeton Review가 10,000명의 응답자에게 설문한 결과 하버드 대학교, 프린스턴 대학교, 스탠퍼드 대학교, 예일 대학교와 함께 ""Top 10 Dream College""(학생과 학부모 모두가 꼽은 최고의 학교)로 선정되었다.","{'word': '하버드 대학교', 'start_idx': 45, 'end_idx': 51, 'type': 'ORG'}","{'word': '10,000명', 'start_idx': 23, 'end_idx': 29, 'type': 'NOH'}",no_relation,wikipedia
11536,"그는 리그 1의 FC 낭트 감독이었으나, 2009년 6월 2일에 클럽 보드진에 의해 해임되었다.","{'word': 'FC 낭트', 'start_idx': 9, 'end_idx': 13, 'type': 'ORG'}","{'word': '리그 1', 'start_idx': 3, 'end_idx': 6, 'type': 'NOH'}",org:member_of,wikipedia
11544,"광주시교육청(교육감 장휘국)이 특별전형과 일반전형을 통해 광주지역 직업계고(마이스터고, 특성화고) 13개 학교에서 2020학년도 신입생 2,588명을 모집한다고 17일 밝혔다.","{'word': '광주시', 'start_idx': 0, 'end_idx': 2, 'type': 'ORG'}","{'word': '13개', 'start_idx': 55, 'end_idx': 57, 'type': 'NOH'}",no_relation,wikitree
11576,"한편, 정의당은 지난 9일 만 20세가 되는 청년들에게 기초자산 3000~5000만원을 주는 '청년사회상속제'를 1호 총선 공약으로 제안해 '포퓰리즘 정책'이라고 비판받기도 했다.","{'word': '정의당', 'start_idx': 4, 'end_idx': 6, 'type': 'ORG'}","{'word': '3000', 'start_idx': 36, 'end_idx': 39, 'type': 'NOH'}",no_relation,wikitree
11612,"소련군은 9 군(초기)와 9군에서 별도로 분리된 독립 해안군이 강한 저항을 하였고, 오데사의 흑해 함대가 참여한 루마니아의 73일 간의 공방전으로, 총 93,000명의 사상자가 발생했고 그 중 41,000명은 소련군이었다.","{'word': '소련군', 'start_idx': 0, 'end_idx': 2, 'type': 'ORG'}","{'word': '41,000명', 'start_idx': 108, 'end_idx': 114, 'type': 'NOH'}",no_relation,wikipedia
11675,"양평군은 2016년 강원도 원주세브란스기독병원과 닥터헬기 사용 협약을 하고 11개소 닥터헬기 인계점을 지정․운영하여, 2019년 현재까지 원주세브란스기독병원 닥터헬기로 13명의 중증응급환자의 소중한 생명을 구했으며, 2019년 8월말부터 365일 24시간 운항되는 경기도 아주대학교 닥터헬기를 위한 야간 헬기운항 기반시설을 완비하여 중증응급환자 이송체계를 마련해놓았다.","{'word': '양평군', 'start_idx': 0, 'end_idx': 2, 'type': 'ORG'}","{'word': '11개', 'start_idx': 42, 'end_idx': 44, 'type': 'NOH'}",no_relation,wikitree
11976,"키몬다 AG는 세계에 약 12,000명의 직원이 있다.","{'word': '키몬다', 'start_idx': 0, 'end_idx': 2, 'type': 'ORG'}","{'word': '12,000명', 'start_idx': 14, 'end_idx': 20, 'type': 'NOH'}",org:number_of_employees/members,wikipedia
12225,"미국의 신문 샌프란시스코 익자미너(San Francisco Examiner) 지는 「최초로 스카이랩의 파편을 본사에 가져온 분에게 10000 달러의 상금을 지급합니다」라고 광고했는데, 에스페란스에 사는 17세의 소년이 자택의 지붕에 파편이 떨어진 것을 발견해, 즉시 비행기를 타고 샌프란시스코까지 가져가 상금을 획득했다.","{'word': '스카이랩', 'start_idx': 51, 'end_idx': 54, 'type': 'ORG'}","{'word': '10000 달러', 'start_idx': 73, 'end_idx': 80, 'type': 'NOH'}",no_relation,wikipedia
12595,"러시아군 2000명을 5년 동안 배치할 것이라는데, 단순한 보병만 배치하는 것이 아니어서, 전투기 한두대만 있는 아제르바이잔에게는 엄청나게 대규모 군대가 된다.","{'word': '러시아군', 'start_idx': 0, 'end_idx': 3, 'type': 'ORG'}","{'word': '2000', 'start_idx': 5, 'end_idx': 8, 'type': 'NOH'}",org:number_of_employees/members,wikipedia
12777,"문경시는 민족 고유의 명절인 설 연휴를 맞아 1월 24일부터 27일까지 11개반 172명의 근무인원을 편성해 종합상황실을 운영, 연휴기간 고향을 찾은 귀성객과 시민들이 편안한 명절을 보낼 수 있도록 각종 안전사고 및 비상상황 대비에 모든 행정력을 집중하고 있다.","{'word': '문경시', 'start_idx': 0, 'end_idx': 2, 'type': 'ORG'}","{'word': '11개', 'start_idx': 40, 'end_idx': 42, 'type': 'NOH'}",no_relation,wikitree
12913,자세한 사항은 고양시 통합일자리 정보(고양시청 일자리정책과 공공일자리팀(☎031-8075-3717)(☎031-8075-3717) 또는 담당부서에서 안내받을 수 있다.,"{'word': '고양시', 'start_idx': 21, 'end_idx': 23, 'type': 'ORG'}","{'word': '031', 'start_idx': 41, 'end_idx': 43, 'type': 'NOH'}",no_relation,wikitree
13038,광양시는 농촌마을의 생활환경과 경관개선을 통해 활기차고 살기 좋은 마을 환경을 조성하고 공동체를 활성화하기 위해 광양읍 본정마을 등 10개 마을을 대상으로 '2020년 농촌 마을만들기사업'을 추진한다고 밝혔다.,"{'word': '광양시', 'start_idx': 0, 'end_idx': 2, 'type': 'ORG'}","{'word': '10개', 'start_idx': 74, 'end_idx': 76, 'type': 'NOH'}",no_relation,wikitree
13270,"광주시는 시 전역을 총 150개의 블록으로 나누고 현재까지 96개의 블록을 구축했고, 연말까지 13개의 블록 구축사업을 마무리할 계획으로 민선 7기 내에 시 전역 수도관에 대한 블록 구축을 완료하는 것을 목표로 하고 있다.","{'word': '광주시', 'start_idx': 0, 'end_idx': 2, 'type': 'ORG'}","{'word': '13개', 'start_idx': 53, 'end_idx': 55, 'type': 'NOH'}",no_relation,wikitree
13311,"나주시청은 총 34개부서로 1,161명의 공직자가 근무하고 있다.","{'word': '나주시청', 'start_idx': 0, 'end_idx': 3, 'type': 'ORG'}","{'word': '1,161명', 'start_idx': 15, 'end_idx': 20, 'type': 'NOH'}",org:number_of_employees/members,wikitree
13313,"얼마 뒤 아브드 엘 크림은 아누알(Annual)의 스페인 보병대를 급습하여 단 3,000명의 리프 군사로 3주 동안 8,000명의 스페인군을 전사시키고 13,000명을 후퇴시킨다.","{'word': '스페인', 'start_idx': 73, 'end_idx': 75, 'type': 'ORG'}","{'word': '8,000명', 'start_idx': 65, 'end_idx': 70, 'type': 'NOH'}",no_relation,wikipedia
13422,"한편, 정읍시에 따르면 27일 12시 기준 정읍지역에 평균 108.3mm의 비가 내렸고, 이로 인해 농로 110m, 도로 200m, 농경지 37ha가 잠기는 피해가 발생했다.","{'word': '정읍시', 'start_idx': 4, 'end_idx': 6, 'type': 'ORG'}","{'word': '110m', 'start_idx': 59, 'end_idx': 62, 'type': 'NOH'}",no_relation,wikitree
13440,인천 서구(구청장 이재현)는 관내 21개 동행정복지센터에 신규 주민등록증 발급을 위한 ‘전자적 지문 등록스캐너’를 설치 완료했다.,"{'word': '인천 서구', 'start_idx': 0, 'end_idx': 4, 'type': 'ORG'}","{'word': '21개', 'start_idx': 19, 'end_idx': 21, 'type': 'NOH'}",no_relation,wikitree
13494,"28일, 김제시의회 오상민 의원이 공개한 자료에 따르면 전북 14개 시·군 문화원의 올해 평균 운영비는 약 2,262만원이다.","{'word': '김제시', 'start_idx': 5, 'end_idx': 7, 'type': 'ORG'}","{'word': '14개', 'start_idx': 34, 'end_idx': 36, 'type': 'NOH'}",no_relation,wikitree
13865,"한편, 신안군은 공항건설 공원계획 변경에 따른 공원위원회에 주요쟁점인 철새보호대책 일환으로 철새보금자리 사업대상지 12개소를 선정하고 우선적으로 시범사업 2개소에 초지와 습지 등을 조성하여 철새서식지를 공항건설 예정지로부터 이격하는 방안을 적극 추진할 계획이다.","{'word': '신안군', 'start_idx': 4, 'end_idx': 6, 'type': 'ORG'}","{'word': '12개', 'start_idx': 64, 'end_idx': 66, 'type': 'NOH'}",no_relation,wikitree
13895,정준하는 호평 속에 종영한 JTBC ‘이태원 클라쓰’와 tvN ‘방법’ 두 드라마를 콜라보한 ‘이태원 방법 클라쓰’에서 ‘박가로이’와 ‘정회장’으로 완벽 변신해 1인 2역 연기를 선보이며 눈길을 끌었다.,"{'word': 'tvN', 'start_idx': 31, 'end_idx': 33, 'type': 'ORG'}","{'word': '드라마', 'start_idx': 42, 'end_idx': 44, 'type': 'NOH'}",org:product,wikitree
14105,광양시(시장 정현복)는 금호동 주민자치위원회를 비롯한 10개 사회단체가 지난 29일 내 고장 주소 갖기 ‘광양사랑 1♡365 캠페인’을 펼쳤다고 밝혔다.,"{'word': '광양시', 'start_idx': 0, 'end_idx': 2, 'type': 'ORG'}","{'word': '10개', 'start_idx': 30, 'end_idx': 32, 'type': 'NOH'}",no_relation,wikitree
14184,"중화인민공화국 측이 밝힌 공식 사상자는 152,000여 명이며 그 중에는 당시 중국 공산당 최고권력자인 마오쩌둥주석의 아들 마오안잉(毛岸英)도 포함되어 있다.","{'word': '중국 공산당', 'start_idx': 44, 'end_idx': 49, 'type': 'ORG'}","{'word': '152,000', 'start_idx': 22, 'end_idx': 28, 'type': 'NOH'}",no_relation,wikipedia
14313,한편 광주광역시 서구청에서 주관한 이번 박람회는 사회복지시설과 18개동 사회보장협의체 등이 홍보부스를 운영하며 시민들이 복지·의료사업의 모든 것을 직접 체험해볼 수 있는 기회를 마련했다.,"{'word': '광주광역시 서구', 'start_idx': 3, 'end_idx': 10, 'type': 'ORG'}","{'word': '18개', 'start_idx': 35, 'end_idx': 37, 'type': 'NOH'}",org:number_of_employees/members,wikitree
14440,"이번 계약에 따라 차바이오F&C는 오는 12월부터 러시아 및 독립국가연합(CIS) 11개국의 백화점, 병·의원, 화장품 전문점에서 ‘에버셀’ 브랜드 제품의 판매에 들어갈 예정이다.","{'word': '독립국가연합', 'start_idx': 34, 'end_idx': 39, 'type': 'ORG'}","{'word': '11개국', 'start_idx': 46, 'end_idx': 49, 'type': 'NOH'}",org:number_of_employees/members,wikitree
14869,희망 기업은 전라남도 국제협력관실(061-286-2452) 또는 광주전남코트라지원단(062-369-9059)에 전화로 문의하면 된다.,"{'word': '전라남도 국제협력관실', 'start_idx': 7, 'end_idx': 17, 'type': 'ORG'}","{'word': '061-286-2452', 'start_idx': 19, 'end_idx': 30, 'type': 'NOH'}",no_relation,wikitree
14938,"이 전투에서는 치열한 포격전으로 많은 사상자가 발생했는데 프랑스군은 3만 4000명, 오스트리아군은 4만 명의 사상자가 생겼고 4일 후인 7월 10일에 카를 대공은 휴전을 요청했다.","{'word': '프랑스군', 'start_idx': 32, 'end_idx': 35, 'type': 'ORG'}","{'word': '3만 4000명', 'start_idx': 38, 'end_idx': 45, 'type': 'NOH'}",no_relation,wikipedia
14994,"이번 공모를 통해 순천시에서는 순천마을교육자치회 5~10개소를 육성하고, 순천교육지원청은 중심마을학교 1개소, 학교-마을 연계 공동체 프로젝트 10여 개소, 마을학교 15개소 등을 공모 심사할 예정이다.","{'word': '순천시', 'start_idx': 10, 'end_idx': 12, 'type': 'ORG'}","{'word': '10개', 'start_idx': 29, 'end_idx': 31, 'type': 'NOH'}",no_relation,wikitree
15116,광주시 동구(청장 임택)가 '2020 기본복지 가이드라인' 안내책자를 13개동 주민센터와 관내 복지시설에 배부·활용한다고 29일 밝혔다.,"{'word': '광주시', 'start_idx': 0, 'end_idx': 2, 'type': 'ORG'}","{'word': '13개', 'start_idx': 39, 'end_idx': 41, 'type': 'NOH'}",org:number_of_employees/members,wikitree
15350,"특히, 지난 2018년 이모빌리티엑스포 행사기간 중 베트남 FDI베트남사와 삼륜전기승용차(모델명 DE101)에 대하여 2,000만불, 올해 3월 2일 이집트 블랙다이아몬드사와 185만불의 수출계약을 성사했으며 이를 2020년 4월 준공 후 본격 생산하여 순차적으로 납품할 계획이다.","{'word': '베트남', 'start_idx': 29, 'end_idx': 31, 'type': 'ORG'}","{'word': '2,000만불', 'start_idx': 66, 'end_idx': 72, 'type': 'NOH'}",no_relation,wikitree
15470,1873년 11월 네덜란드는 얀 판 스비턴 장군 휘하 13000명의 병력을 동원하여 아체에 대한 2차 침공을 시작하였다.,"{'word': '네덜란드', 'start_idx': 10, 'end_idx': 13, 'type': 'ORG'}","{'word': '13000명', 'start_idx': 30, 'end_idx': 35, 'type': 'NOH'}",no_relation,wikipedia
15492,"광산구는 이 프로젝트로 21개동 332명의 시민이 참여하는 시민안전점검단 구성, 안전 점검·캠페인 240회 전개, 생활위험요소 2,460건 접수와 2,156건 즉시 해결 등의 성과를 냈다.","{'word': '광산구', 'start_idx': 0, 'end_idx': 2, 'type': 'ORG'}","{'word': '332명', 'start_idx': 18, 'end_idx': 21, 'type': 'NOH'}",no_relation,wikitree
15795,필라델피아 시청 167m(548ft) 및 Anton Antoniana 167.5m(550ft)이다.,"{'word': '필라델피아 시청', 'start_idx': 0, 'end_idx': 7, 'type': 'ORG'}","{'word': '167m', 'start_idx': 9, 'end_idx': 12, 'type': 'NOH'}",no_relation,wikipedia
15845,"이틀간 러시아군과의 치열한 전투가 벌어졌고, 러시아군은 6,000의 수비대 중 2,000-4,000 사이의 손실을 입고 도시밖으로 축출 되었다.","{'word': '러시아군', 'start_idx': 4, 'end_idx': 7, 'type': 'ORG'}","{'word': '6,000', 'start_idx': 31, 'end_idx': 35, 'type': 'NOH'}",org:number_of_employees/members,wikipedia
16510,"아마추어 리그에 속한 2개의 클럽인 올랭피크 알레스와 스타드 브레스트 29에서 2년을 더 보낸 뒤인 2004년, 리베리는 리그 1에 속한 FC 메스의 일원이 되었다.","{'word': '스타드 브레스트 29', 'start_idx': 30, 'end_idx': 40, 'type': 'ORG'}","{'word': '리그 1', 'start_idx': 68, 'end_idx': 71, 'type': 'NOH'}",no_relation,wikipedia
16519,1291년 패퇴한 토곤은 명을 받아 몽골군 500명과 한인 병력 1000명과 함께 양주에 출진했다.,"{'word': '몽골군', 'start_idx': 20, 'end_idx': 22, 'type': 'ORG'}","{'word': '500명', 'start_idx': 24, 'end_idx': 27, 'type': 'NOH'}",org:number_of_employees/members,wikipedia
16530,"순천시여성단체협의회는 13개단체 4300여명의 회원으로 구성되어 있으며, 지역사회 봉사활동, 장바구니 사용하는 전통시장 만들기, 양성평등문화 확산을 위한 양성평등주간 기념행사 추진, 여성단체 연계 농․특산물 판매촉진사업 등 다양한 사업을 추진하며 시정의 동반자로 함께 하고 있다.","{'word': '순천시여성단체협의회', 'start_idx': 0, 'end_idx': 9, 'type': 'ORG'}","{'word': '4300여명', 'start_idx': 18, 'end_idx': 23, 'type': 'NOH'}",org:number_of_employees/members,wikitree
16877,광주 남구(구청장 김병내)는 가을 정취가 절정인 10월 한달간 관내 16개동 주민들의 대동화합의 장인 '2019년 동민 한마음 축제'를 개최한다.,"{'word': '광주 남구', 'start_idx': 0, 'end_idx': 4, 'type': 'ORG'}","{'word': '16개', 'start_idx': 38, 'end_idx': 40, 'type': 'NOH'}",org:number_of_employees/members,wikitree
17017,2013년 8월 12일에 열린 SpVgg 그로이터 퓌르트와의 2. 분데스리가 경기에서 처음으로 팀의 주장을 맡았으나 팀은 1-2 패배를 기록했다.,"{'word': '그로이터 퓌르트', 'start_idx': 23, 'end_idx': 30, 'type': 'ORG'}","{'word': '2. 분데스리가', 'start_idx': 34, 'end_idx': 41, 'type': 'NOH'}",org:member_of,wikipedia
17357,"광주 남구(구청장 김병내)는 코로나바이러스 감염증 확산을 차단하고, 주민들의 개인 위생관리를 위해 관내 16개동 행정복지센터에서 살균‧소독제 및 휴대용 방역기 등 소독 약품을 제공하기로 했다.","{'word': '광주 남구', 'start_idx': 0, 'end_idx': 4, 'type': 'ORG'}","{'word': '16개', 'start_idx': 58, 'end_idx': 60, 'type': 'NOH'}",org:number_of_employees/members,wikitree
17812,"국민들께서 방역의 주체가 되어 주신 덕분에 우리는 국경과 지역봉쇄 없이 방역에서 가장 성공한 모범국가가 되었고, 경제에서도 확장재정에 의한 신속한 경기대책과 한국판 뉴딜의 강력한 추진으로 OECD 37개국 중 올해 경제성장률 1위로 예상될 만큼 가장 선방하는 나라로 평가받고 있습니다.","{'word': 'OECD', 'start_idx': 105, 'end_idx': 108, 'type': 'ORG'}","{'word': '37개국', 'start_idx': 110, 'end_idx': 113, 'type': 'NOH'}",org:number_of_employees/members,policy_briefing
18339,2013년 8월 12일에 열린 SpVgg 그로이터 퓌르트와의 2. 분데스리가 경기에서 처음으로 팀의 주장을 맡았으나 팀은 1-2 패배를 기록했다.,"{'word': 'SpVgg 그로이터 퓌르트', 'start_idx': 17, 'end_idx': 30, 'type': 'ORG'}","{'word': '2. 분데스리가', 'start_idx': 34, 'end_idx': 41, 'type': 'NOH'}",org:member_of,wikipedia
18429,"1900년에 이토를 총재로 하는 입헌정우회에서는 총무위원으로 당조직의 편성을 담당하였고, 그 공으로 제4차 이토 내각에서는 문부대신을 맡았다.","{'word': '입헌정우회', 'start_idx': 18, 'end_idx': 22, 'type': 'ORG'}","{'word': '제4차 이토 내각', 'start_idx': 56, 'end_idx': 64, 'type': 'NOH'}",no_relation,wikipedia
18435,"한편, 업무지구로서의 삼성타운은 강남역 부근 초알짜배기 땅에 마천루 세 동을 지음으로서 대체하기로 했는데, 2004년 최대 지상 44층, 203m 건물로서 착공하여 실제 현장에는 A,B,C 동별로 '서초 프로젝트 현장'이란 간판이 내걸리고 작업인 원도 부쩍 늘어나는 등 공사가 활기를 띠고 있다.","{'word': '삼성타운', 'start_idx': 12, 'end_idx': 15, 'type': 'ORG'}","{'word': '203m', 'start_idx': 77, 'end_idx': 80, 'type': 'NOH'}",no_relation,wikipedia
18509,"복지행정상은 보건복지부에서 전국 17개 시도 및 229개 시군구를 대상으로 한 해 동안의 지역 복지사업을 평가해 우수 지자체에게 수여하는 상이며, 목포시는 이번에 2개의 장관 표창과 함께 포상금 4,500만원을 받았다.","{'word': '목포시', 'start_idx': 82, 'end_idx': 84, 'type': 'ORG'}","{'word': '229', 'start_idx': 27, 'end_idx': 29, 'type': 'NOH'}",no_relation,wikitree
18526,"이 승세를 몰아 마세나는 휘하에 있는 80,000명의 병사를 이끌고 수보로프 휘하의 러시아군 잔여병인 18,000명의 정규병과 5,000명의 코사크(Cossacks) 부대를 격멸하기 위해 진군하였다.","{'word': '러시아군', 'start_idx': 47, 'end_idx': 50, 'type': 'ORG'}","{'word': '80,000', 'start_idx': 21, 'end_idx': 26, 'type': 'NOH'}",no_relation,wikipedia
18576,"ISO 3834는 금속 재료의 용접 품질 향상을 위해 국제표준화기구(ISO)가 제정한 국제 표준으로, 용접 품질관리 기법에 주안점을 두고 있다.","{'word': '국제표준화기구', 'start_idx': 30, 'end_idx': 36, 'type': 'ORG'}","{'word': 'ISO', 'start_idx': 0, 'end_idx': 2, 'type': 'NOH'}",org:alternate_names,wikitree
18750,"701 사업은 프랑스 다소사에서 팰컨 2000S 2대를 1400억원에 들여와, 부산의 대한항공에서 1700억원을 들여 정찰기로 개조하는 계획이다.","{'word': '대한항공', 'start_idx': 48, 'end_idx': 51, 'type': 'ORG'}","{'word': '1700억원', 'start_idx': 55, 'end_idx': 60, 'type': 'NOH'}",no_relation,wikipedia
18762,"참가는 온라인(신청하며, 자세한 사항은 고양시 평생교육과(031-8075-2293)(031-8075-2293)에 문의하면 된다.","{'word': '고양시', 'start_idx': 22, 'end_idx': 24, 'type': 'ORG'}","{'word': '031', 'start_idx': 32, 'end_idx': 34, 'type': 'NOH'}",no_relation,wikitree
18935,"지난 10일 국회가 확정한 내년도 여수시 정부예산을 보면 전체 예산 중 국가(도) 추진사업은 1282억 원(27%), 여수시 추진사업은 3534억 원(73%)으로 나타났다.","{'word': '여수시', 'start_idx': 66, 'end_idx': 68, 'type': 'ORG'}","{'word': '1282억 원', 'start_idx': 52, 'end_idx': 58, 'type': 'NOH'}",no_relation,wikitree
19102,데르비 드 프랑스 (Derby de France) 로도 알려진 르 클라시크는 프랑스 리그 1 클럽들인 파리 생제르맹과 올랭피크 드 마르세유간의 축구 경기이다.,"{'word': '올랭피크 드 마르세유', 'start_idx': 66, 'end_idx': 76, 'type': 'ORG'}","{'word': '리그 1', 'start_idx': 47, 'end_idx': 50, 'type': 'NOH'}",org:member_of,wikipedia
19112,"당초 항공자위대는 2008년도까지 정비할 예정이었지만, 5기씩 2년에 걸쳐서 조달하는 것보다 10기를 일괄 조달하는 것이 136억엔의 비용(이 중 약 100억엔은 회사 생산라인 조기폐쇄로 절약 가능한 액)을 절약할 수 있기에, 2007년 예산에서는 10기 일괄 취득을 목표로 하고 있었다.","{'word': '항공자위대', 'start_idx': 3, 'end_idx': 7, 'type': 'ORG'}","{'word': '약 100억엔', 'start_idx': 82, 'end_idx': 88, 'type': 'NOH'}",no_relation,wikipedia
19220,"최근 연구에서는 몽골군의 병력이 최대 25,000명의 기병으로 추측한다.","{'word': '몽골군', 'start_idx': 9, 'end_idx': 11, 'type': 'ORG'}","{'word': '25,000명', 'start_idx': 21, 'end_idx': 27, 'type': 'NOH'}",no_relation,wikipedia
19379,"현재 곡성군으로부터 교육을 이수한 10개소의 곡성스테이가 운영 중이며, 곡성역과 곡성터미널에서 도보로 10분이면 도착할 수 있다.","{'word': '곡성군', 'start_idx': 3, 'end_idx': 5, 'type': 'ORG'}","{'word': '10개', 'start_idx': 19, 'end_idx': 21, 'type': 'NOH'}",no_relation,wikitree
19394,"승급 제도가 있어 바리그 브라질 항공을 비롯해 자회사와 스타 얼라이언스 회원사 마일 적립편 20,000 마일 또는 25편으로 실버, 50,000마일 또는 60편으로 골드, 100,000마일 또는 100편 다이아몬드로 승격되고, 우선 체크인 및 우선 탑승 라운지 이용 발권 수수료 면제의 혜택이 있다.","{'word': '브라질', 'start_idx': 14, 'end_idx': 16, 'type': 'ORG'}","{'word': '20,000 마일', 'start_idx': 51, 'end_idx': 59, 'type': 'NOH'}",no_relation,wikipedia
19527,"순천시는 다중이용시설 대형화재를 가정해 순천소방서, 순천경찰서 등 13개 기관․단체등 시민 300여 명이 참여했으며 특히 민간기업과 단체, 시민체험단이 함께하는 시민 참여형 훈련으로 드론과 인명구조견을 투입해 현장 합동 수색을 전개했다.","{'word': '순천시', 'start_idx': 0, 'end_idx': 2, 'type': 'ORG'}","{'word': '13개', 'start_idx': 37, 'end_idx': 39, 'type': 'NOH'}",no_relation,wikitree
19637,4.25체육단의 축구단은 1974년 도쿄 원정에서 일본 축구 국가대표팀을 4-0으로 격파하는 등사실상 북한 축구 국가대표팀이라 여겨질 정도였으며 1부류축구련맹전을 비롯 각종 북한 내 축구 대회에서 가장 많은 우승을 거둔 축구단으로 북한 축구단 중에서 가장 성공적인 축구단으로 알려져 있다.,"{'word': '4.25체육단', 'start_idx': 0, 'end_idx': 6, 'type': 'ORG'}","{'word': '1부류축구련맹전', 'start_idx': 81, 'end_idx': 88, 'type': 'NOH'}",org:member_of,wikipedia
19663,"약 27,000명에 달하는 합스부르크 가문의 스페인-신성로마제국 연합군은 아르덴(Ardennes)을 거쳐 플랑드르(Flanders)로 진군하여 프랑스의 군사적 압력이 가해지는 카탈루냐(Catalonia)와 프랑슈콩테(Franche-Comté) 지방을 구원하고자 하였다.","{'word': '스페인', 'start_idx': 25, 'end_idx': 27, 'type': 'ORG'}","{'word': '27,000명', 'start_idx': 2, 'end_idx': 8, 'type': 'NOH'}",no_relation,wikipedia
19704,"1990년에는 올랭피크 드 마르세유로 이적했고 1990-91 시즌에서는 올랭피크 드 마르세유의 디비지옹 1(현재의 리그 1) 우승, 유러피언컵(현재의 UEFA 챔피언스리그) 준우승에 기여했다.","{'word': '올랭피크 드 마르세유', 'start_idx': 40, 'end_idx': 50, 'type': 'ORG'}","{'word': '리그 1', 'start_idx': 64, 'end_idx': 67, 'type': 'NOH'}",org:members,wikipedia
19709,"이날 현충원 참배는 허석 순천시장을 비롯한 11개 보훈단체장(회장 정광윤)과 순천시의회 서정진의장, 시의원 및 간부공무원 등 30여명이 함께하게 된다.","{'word': '순천시', 'start_idx': 43, 'end_idx': 45, 'type': 'ORG'}","{'word': '11개', 'start_idx': 24, 'end_idx': 26, 'type': 'NOH'}",no_relation,wikitree
19726,"이 전투에서 프리드리히 대왕이 지휘하는 67,000명 군세는 60,000명의 오스트리아군을 퇴각시켰으나 프리드리히 대왕의 군세는 14,300명의 병력을 잃었고, 이 피해로 인해 프로이센군은 프라하를 공격할 전력을 상실하고 말았다.","{'word': '오스트리아', 'start_idx': 43, 'end_idx': 47, 'type': 'ORG'}","{'word': '60,000명', 'start_idx': 34, 'end_idx': 40, 'type': 'NOH'}",no_relation,wikipedia
19997,"소르본 대학교에는 10,200명의 외국인 학생과 4,400명의 박사 과정 학생을 포함하여 55,300명의 학생이 있다.","{'word': '소르본 대학', 'start_idx': 0, 'end_idx': 5, 'type': 'ORG'}","{'word': '55,300명', 'start_idx': 50, 'end_idx': 56, 'type': 'NOH'}",no_relation,wikipedia
20011,"1654년 7월 41,000명의 러시아군(명목상 차르가 이끌었으나, 실제로는 야코프 체르카스키 공(Yakov Cherkassky Princes)(Yakov Cherkassky Princes), 니키타 오도옙스키(Nikita Odoevsky) 공 및 이반 호반스키(Ivan Khovansky) 공이 지휘했다)은 국경지대에 있던 벨리(Bely)와 도로고부시(Dorogobuzh)의 요새를 탈취하고 스몰렌스크(Smolensk)의 포위에 나섰다.","{'word': '러시아군', 'start_idx': 18, 'end_idx': 21, 'type': 'ORG'}","{'word': '41,000명', 'start_idx': 9, 'end_idx': 15, 'type': 'NOH'}",org:number_of_employees/members,wikipedia
20112,장성군 여성단체협의회 소속 10개 단체 회원들은 지난 25일부터 이틀간 장성군 여성회관에서 ‘사랑의 김장 나눔 행사’를 가졌다.,"{'word': '장성군', 'start_idx': 0, 'end_idx': 2, 'type': 'ORG'}","{'word': '10개', 'start_idx': 15, 'end_idx': 17, 'type': 'NOH'}",no_relation,wikitree
20141,"장쑤 방송 본부 (그룹)은 3700명의 기존 직원과 함께 수석 전문 기술자 300명 이상, 석사학 대학원생 400명을 거느리고 있다.","{'word': '장쑤 방송 본부', 'start_idx': 0, 'end_idx': 7, 'type': 'ORG'}","{'word': '3700명', 'start_idx': 15, 'end_idx': 19, 'type': 'NOH'}",org:number_of_employees/members,wikipedia
20159,"목포시는 사회복지직 대폭 증원과 23개동 간호직 배치로 동행정복지센터의 보건복지서비스 제공 역할을 대폭 강화하고, 지역 특성에 맞는 다양한 특화사업을 적극 추진해 복지사각지대를 해소하는 등 사회복지 분야에서 괄목할 만한 성과를 거둔 점이 중앙정부 평가에서 인정받았다고 설명했다.","{'word': '목포시', 'start_idx': 0, 'end_idx': 2, 'type': 'ORG'}","{'word': '23개', 'start_idx': 18, 'end_idx': 20, 'type': 'NOH'}",org:number_of_employees/members,wikitree
20300,"훗날 페루 정부에 곡물 35,000톤과 5,000만 달러의 차관 가담한 선수들에게 1인당 25,000달러를 지급하고 페루 정부의 부채탕감을 조건으로 사전포섭한 혐의가 밝혀지면서 적지않은 논란을 낳으며 정치적 이용 및 희대의 매수로도 악명높은 대회로 남게 되는 폐단을 만들었고, 그렇게 FIFA와 아르헨티나 정부는 모종의 거래를 통하여 당시 회장이었던 주앙 아벨란제는 모국의 영광과 명예를 포기하고 금전적으로 맺어진 아르헨티나의 비델라 독재정권과의 관계와 이익을 도모했다.","{'word': '아르헨티나', 'start_idx': 165, 'end_idx': 169, 'type': 'ORG'}","{'word': '35,000톤', 'start_idx': 13, 'end_idx': 19, 'type': 'NOH'}",no_relation,wikipedia
20411,"승급 제도가 있어 바리그 브라질 항공을 비롯해 자회사와 스타 얼라이언스 회원사 마일 적립편 20,000 마일 또는 25편으로 실버, 50,000마일 또는 60편으로 골드, 100,000마일 또는 100편 다이아몬드로 승격되고, 우선 체크인 및 우선 탑승 라운지 이용 발권 수수료 면제의 혜택이 있다.","{'word': '브라질', 'start_idx': 14, 'end_idx': 16, 'type': 'ORG'}","{'word': '50,000마일', 'start_idx': 74, 'end_idx': 81, 'type': 'NOH'}",no_relation,wikipedia
21064,"한편, 광주시가 주최하고 광주예총이 주관하는 이번 아트페어에는 13개국 91개 갤러리, 84명 79개 작가 부스에서 6000여 점이 출품된 가운데 특별전 남도수묵전과 대형 조형물 설치, 무료 고미술감정, 도슨트 프로그램, 아트체험 프로그램, 행사장 이벤트 등 다채로운 프로그램이 운영된다.","{'word': '광주시', 'start_idx': 4, 'end_idx': 6, 'type': 'ORG'}","{'word': '13개', 'start_idx': 35, 'end_idx': 37, 'type': 'NOH'}",no_relation,wikitree
21126,"광산구는 운남·우산·첨단2동에 이어 올해 어룡·수완동으로 주민자치회를 확대하고, 단계적으로 21개 동으로 확대하는 등 주민자치회 시범사업 확대·본격화를 민선7기 중요 정책으로 추진하고 있다.","{'word': '광산구', 'start_idx': 0, 'end_idx': 2, 'type': 'ORG'}","{'word': '21개', 'start_idx': 51, 'end_idx': 53, 'type': 'NOH'}",org:number_of_employees/members,wikitree
21311,"현대모비스[012330]는 기존 사이드미러 위치에 카메라 센서를 장착해 차량 내부의 모니터에 표시하는 장치인 '카메라 모니터 시스템(CMS, Camera Monitor System)'을 개발해 글로벌 수주에 나설 방침이라고 21일 밝혔다.","{'word': '현대모비스', 'start_idx': 0, 'end_idx': 4, 'type': 'ORG'}","{'word': '012330', 'start_idx': 6, 'end_idx': 11, 'type': 'NOH'}",no_relation,wikitree
21368,"이 전투에서는 치열한 포격전으로 많은 사상자가 발생했는데 프랑스군은 3만 4000명, 오스트리아군은 4만 명의 사상자가 생겼고 4일 후인 7월 10일에 카를 대공은 휴전을 요청했다.","{'word': '오스트리아', 'start_idx': 48, 'end_idx': 52, 'type': 'ORG'}","{'word': '3만 4000명', 'start_idx': 38, 'end_idx': 45, 'type': 'NOH'}",no_relation,wikipedia
21396,"광산구는 방역용 압축분무기 124대를 동 행정복지센터에 지원하고, 여기에 21개 동에서 보유 중인 분무기 365대를 더해 시민에게 대여해주고 있다.","{'word': '광산구', 'start_idx': 0, 'end_idx': 2, 'type': 'ORG'}","{'word': '21개', 'start_idx': 41, 'end_idx': 43, 'type': 'NOH'}",org:number_of_employees/members,wikitree
21421,"문 대통령은 “전세계적인 경제위기 속에서도 한국 경제는 올해 OECD 37개국 가운데 성장률 1위를 기록하고, GDP 규모에서도 세계 10위권 안으로 진입할 것으로 전망되고 있다”며 “많은 고통을 겪으면서도 위기를 기회로 바꾸고 있는 우리 국민들께 다시 한 번 존경과 감사 인사를 드리지 않을 수 없다”고 말했다.","{'word': 'OECD', 'start_idx': 34, 'end_idx': 37, 'type': 'ORG'}","{'word': '37개국', 'start_idx': 39, 'end_idx': 42, 'type': 'NOH'}",org:number_of_employees/members,policy_briefing
21821,"얼마 뒤 아브드 엘 크림은 아누알(Annual)의 스페인 보병대를 급습하여 단 3,000명의 리프 군사로 3주 동안 8,000명의 스페인군을 전사시키고 13,000명을 후퇴시킨다.","{'word': '스페인', 'start_idx': 73, 'end_idx': 75, 'type': 'ORG'}","{'word': '3,000명', 'start_idx': 44, 'end_idx': 49, 'type': 'NOH'}",no_relation,wikipedia
21871,"프랑스군 수비대는 불과 800명이며, 영국군은 13,142명의 세력에 23척의 전열함과 13척의 프리깃함 지원이 있었다.","{'word': '영국군', 'start_idx': 21, 'end_idx': 23, 'type': 'ORG'}","{'word': '13척', 'start_idx': 49, 'end_idx': 51, 'type': 'NOH'}",no_relation,wikipedia
21875,"유명대학교 진학 현황은 서울대학교 1명, 연세대학교 4명, 고려대학교 3명, 한양대학교 5명, 중앙대학교 1명, 경희대학교 3명, 한국외국어대학교 2명으로 조사됐다.","{'word': '한국외국어대학교', 'start_idx': 73, 'end_idx': 80, 'type': 'ORG'}","{'word': '경희대학교', 'start_idx': 63, 'end_idx': 67, 'type': 'NOH'}",no_relation,wikitree
21999,"50만 명 달하는 이탈리아군에 비해 영국군은 3만 5000명이라는 절대적인 열세였고, 그중에서도 절반이 전투 부대였다.","{'word': '영국군', 'start_idx': 20, 'end_idx': 22, 'type': 'ORG'}","{'word': '3만 5000명', 'start_idx': 25, 'end_idx': 32, 'type': 'NOH'}",org:number_of_employees/members,wikipedia
22119,순천시는 주민자치형 공공서비스 구축과 주민력 강화를 위한 마을복지계획 수립을 위해 10월 한 달 동안 13개 동별로‘찾아가는 전문가 컨설팅’을 통해 그 간 추진했던 공공서비스 활동을 돌아보고 마을별 과제를 도출했다.,"{'word': '순천시', 'start_idx': 0, 'end_idx': 2, 'type': 'ORG'}","{'word': '13개', 'start_idx': 57, 'end_idx': 59, 'type': 'NOH'}",org:number_of_employees/members,wikitree
22302,"그 후 얼마 안 가 표트르 1세가 이끄는 49,000명의 병력과 130문 이상의 대포를 장비한 러시아군 원군이 도착해 스웨덴군을 역포위했다.","{'word': '러시아군', 'start_idx': 53, 'end_idx': 56, 'type': 'ORG'}","{'word': '49,000', 'start_idx': 23, 'end_idx': 28, 'type': 'NOH'}",org:number_of_employees/members,wikipedia
22430,"베트남 풀브라이트대학의 크리스토퍼 볼딩 교수가 영국 싱크탱크인 헨리 잭슨 소사이어티 연구원들과 화웨이 직원 2만5000명 이상의 이력서를 살핀 결과, 중국군 산하 기관과 화웨이에 동시에 고용된 것처럼 보이는 직원들이 발견됐다고 영국 파이낸셜타임스(FT)가 8일 보도했다.","{'word': '베트남', 'start_idx': 0, 'end_idx': 2, 'type': 'ORG'}","{'word': '2만5000명', 'start_idx': 60, 'end_idx': 66, 'type': 'NOH'}",no_relation,wikitree
22467,그는 “브라질 CSP는 지난해부터 영업흑자에 성공했지만 헤알화 약세에 따른 외화평가손실로 당기순손실이 지속되고 있다”며 “지난 5월 동국제강이 공시한 브라질 CSP 유상증자 1억5000만달러 중 올해 출자금 4500만달러가 3분기에 집행됨에 따라 지난해 하반기부터 중지된 CSP관련 지분법손실 반영이 올해 하반기에 다시 시작될 가능성이 있다”고 진단했다.,"{'word': '브라질', 'start_idx': 4, 'end_idx': 6, 'type': 'ORG'}","{'word': '000', 'start_idx': 100, 'end_idx': 102, 'type': 'NOH'}",no_relation,wikitree
22594,"8강에서 바이에른은 리그 1에 속한 올랭피크 드 마르세유와 3월 28일에 1차전을 치루었고, 고메스는 그의 챔피언스리그 시즌 11호골을 득점하여 바이에른의 2-0 원정 승리를 도왔다.","{'word': '올랭피크 드 마르세유', 'start_idx': 20, 'end_idx': 30, 'type': 'ORG'}","{'word': '리그 1', 'start_idx': 11, 'end_idx': 14, 'type': 'NOH'}",org:member_of,wikipedia
22607,"경기 포천시의회(의장 조용춘)는 19일 제147회 임시회를 열고, 26일까지 8일간의 의사일정에 들어간다.","{'word': '포천시', 'start_idx': 3, 'end_idx': 5, 'type': 'ORG'}","{'word': '147', 'start_idx': 23, 'end_idx': 25, 'type': 'NOH'}",no_relation,wikitree
22658,세종특별자치시는 하위 행정구역으로 시·군·구의 기초자치단체를 두지 않는 단층제 광역자치단체로 시의 행정구역은 1읍 9면 10행정동 18법정동 122리로 구성되어 있다.,"{'word': '세종특별자치시', 'start_idx': 0, 'end_idx': 6, 'type': 'ORG'}","{'word': '1읍 9면 10행정동 18법정동', 'start_idx': 61, 'end_idx': 77, 'type': 'NOH'}",no_relation,wikipedia
22731,"부산 도시철도는 2017년 현재 6개 노선으로 구성되며, 각 노선을 3개 운영기관이 구분하여 운영한다.","{'word': '부산 도시철도', 'start_idx': 0, 'end_idx': 6, 'type': 'ORG'}","{'word': '6개 노선', 'start_idx': 18, 'end_idx': 22, 'type': 'NOH'}",no_relation,wikipedia
22745,"25일 광산구는 광주송정역 앞 건물, 구 청사를 비롯한 광산구 21개 동 행정복지센터, 광산구립도서관, 버스승강장 등 104곳 외벽에 ‘으라차차, 힘내요’로 시작하는 크고 작은 현수막 설치를 마쳤다.","{'word': '광산구', 'start_idx': 4, 'end_idx': 6, 'type': 'ORG'}","{'word': '21개', 'start_idx': 35, 'end_idx': 37, 'type': 'NOH'}",org:number_of_employees/members,wikitree
23141,"순천시는 지난 14일 광복 74주년을 맞아 순천시장(허석)을 비롯한 순천시의회 의장(서정진), 11개 보훈단체장(회장 정광윤) 등 32명이 대전 현충원을 찾았다고 전했다.","{'word': '순천시', 'start_idx': 38, 'end_idx': 40, 'type': 'ORG'}","{'word': '11개', 'start_idx': 53, 'end_idx': 55, 'type': 'NOH'}",no_relation,wikitree
23233,"자세한 사항은 사업 참여 시군과 전라남도중소기업진흥원 누리집(통해 확인할 수 있으며, 전화(061-288-3886)(061-288-3886)로 문의가 가능하다.","{'word': '전라남도', 'start_idx': 18, 'end_idx': 21, 'type': 'ORG'}","{'word': '061', 'start_idx': 51, 'end_idx': 53, 'type': 'NOH'}",no_relation,wikitree
23282,"더빈 의원은 ""내가 만약 한국에 산다면 북한이 한국에 퍼부을 수백 발의 미사일로부터 국민의 생명을 지키기 위해 되도록 많은 미사일 방어 시스템을 원할 것 같다. (한국인들은) 왜 그런 정서가 논의를 지배하지 않는지 이해할 수 없다. 나는 국가 안보와 방어가 (논의를) 지배해야 한다고 생각한다. (한국) 정부 내 일부 인사들이 사드가 미국을 보호하기 위함이라는 주장을 펴는 것이 매우 걱정스럽다. 2만8천500명의 주한미군은 한국 국민들의 생명과 안전을 위해 자신들의 목숨을 걸고 있으며, 주한미군이 한국 국민들을 보호하듯이 주한미군도 보호받아야 한다""고 문 대통령에게 말했다.","{'word': '주한미군', 'start_idx': 274, 'end_idx': 277, 'type': 'ORG'}","{'word': '2만8천500명', 'start_idx': 222, 'end_idx': 229, 'type': 'NOH'}",org:number_of_employees/members,wikipedia
23361,"펠릭스클레르 리델(Félix-Clair Ridel, 1830년 7월 7일 ~ 1884년)은 프랑스 파리 외방전교회 소속의 선교사이자 천주교 조선교구의 6대교구장이며 트라키아 필리포폴리스의 명의 주교였다.","{'word': '천주교 조선교구', 'start_idx': 74, 'end_idx': 81, 'type': 'ORG'}","{'word': '대교구', 'start_idx': 85, 'end_idx': 87, 'type': 'NOH'}",org:members,wikipedia
23380,"순천시는 시도 주관으로 평가하는 기초 상수도 111개 기관 평가에서 ‘가’등급(26개 기관)을 받아 4회 연속 최고등급을 받았으며, 전라남도 시군 평가기관중에서는 순천이 유일하게‘가’등급을 받았다.","{'word': '순천시', 'start_idx': 0, 'end_idx': 2, 'type': 'ORG'}","{'word': '111개', 'start_idx': 25, 'end_idx': 28, 'type': 'NOH'}",no_relation,wikitree
23580,"광주시교육청(교육감 장휘국)이 17일 광주 13개 직업계고 교원, NCS 기반 교육과정 학교지원단 등 30여 명이 참석한 가운데 광주과학기술진흥원에서 '2019년 광주 NCS 기반 교육과정 학교지원단 결과보고회'를 개최했다.","{'word': '광주시', 'start_idx': 0, 'end_idx': 2, 'type': 'ORG'}","{'word': '13개', 'start_idx': 24, 'end_idx': 26, 'type': 'NOH'}",no_relation,wikitree
23597,"결승전에서는 개최국이였던 이탈리아가 약 45,000명의 관중 앞에서 연장접전 끝에 체코슬로바키아를 1-2로 꺾고 월드컵의 두번째 우승국이 되었다.","{'word': '이탈리아', 'start_idx': 14, 'end_idx': 17, 'type': 'ORG'}","{'word': '45,000명', 'start_idx': 22, 'end_idx': 28, 'type': 'NOH'}",no_relation,wikipedia
23800,"본사는 서울특별시 영등포구 여의대로 128(여의도동)에 기술연구원은 대전광역시 유성구 문지로 188 (문지동)에 있고 그 탓인지 프로축구 럭키금성 황소는 홈 앤 어웨이 제도로 바뀐 한편 주말 2연전이 새롭게 도입된 동시에 프로야구의 선례를 본따 홈팀이 흰색,원정팀이 유색 유니폼을 입은 1987년 제1연고지를 해당 기업(LG화학) 기술연구원이 위치한 대전, 제2연고지를 LG화학 등 공장이 있는 청주, 제3연고지를 천안으로 설정했는데 럭키금성은 1988년부터 청주로 연고지를 옮기기도 했으며 주말 2연전 제도는 선수 부상 등의 문제점이 생기자 1년 만에 폐지됐고 다음 해부터 홈팀은 유색, 원정팀은 흰색 유니폼을 입는 것으로 변경됐다.","{'word': 'LG화학', 'start_idx': 179, 'end_idx': 182, 'type': 'ORG'}","{'word': '서울특별시 영등포구 여의대로 128', 'start_idx': 4, 'end_idx': 22, 'type': 'NOH'}",org:place_of_headquarters,wikipedia
24032,"해남군은 지난 10월 28일부터 11월 1일까지 5일간 해남군, 해남소방서, 경찰서 등 13개 협업 기관 232여명이 참여해 지진으로 인한 우슬체육관 붕괴·대형화재가 발생한 상황을 가정하여 현장감 있는 훈련을 실시했다.","{'word': '해남군', 'start_idx': 31, 'end_idx': 33, 'type': 'ORG'}","{'word': '13개', 'start_idx': 49, 'end_idx': 51, 'type': 'NOH'}",no_relation,wikitree
24081,"슈워츠코프 장군은 1991년 이라크군을 꺾고 쿠웨이트를 해방시킨 성공적인 750,000명 이상의 군인들의 100 시간 지상 공격 사막 폭풍 작전을 계획하고 지도하였다.","{'word': '이라크군', 'start_idx': 16, 'end_idx': 19, 'type': 'ORG'}","{'word': '750,000명', 'start_idx': 41, 'end_idx': 48, 'type': 'NOH'}",no_relation,wikipedia
24377,순천시(시장 허석)는 오는 15일부터 순천시 90개의 지정의료기관과 10개의 보건(지)소에서 인플루엔자(독감) 무료 예방 접종을 실시한다고 밝혔다.,"{'word': '순천시', 'start_idx': 0, 'end_idx': 2, 'type': 'ORG'}","{'word': '10개', 'start_idx': 38, 'end_idx': 40, 'type': 'NOH'}",no_relation,wikitree
24381,"광양시(시장 정현복)는 2019년 중앙부처, 전라남도에서 실시한 각종 공모·시상사업에서 그 어느 해 보다 많은 152개 사업 1,068억 원을 확보하는 성과를 거뒀다고 4일 밝혔다.","{'word': '광양시', 'start_idx': 0, 'end_idx': 2, 'type': 'ORG'}","{'word': '152', 'start_idx': 62, 'end_idx': 64, 'type': 'NOH'}",no_relation,wikitree
24869,경기도는 도를 효율적으로 관리하기 위해 28시 3군을 남부와 북부로 나누어 관리하고 있다.,"{'word': '경기도', 'start_idx': 0, 'end_idx': 2, 'type': 'ORG'}","{'word': '28시 3군', 'start_idx': 22, 'end_idx': 27, 'type': 'NOH'}",no_relation,wikipedia
25118,한편 광주광역시 서구청에서 주관한 이번 박람회는 사회복지시설과 18개동 사회보장협의체 등이 홍보부스를 운영하며 시민들이 복지·의료사업의 모든 것을 직접 체험해볼 수 있는 기회를 마련했다.,"{'word': '광주광역시 서구청', 'start_idx': 3, 'end_idx': 11, 'type': 'ORG'}","{'word': '18개', 'start_idx': 35, 'end_idx': 37, 'type': 'NOH'}",no_relation,wikitree
25307,"1월 6일 볼티모어 오리올스와 2년 계약의 기본 합의에 이르렀고 이듬해인 2009년 1월 13일에 2년 간 1,000만 달러(약 9억 엔, 인센티브 최고 600만 달러)로 정식 계약을 맺어 팀내 첫 일본인 선수가 되었다.","{'word': '볼티모어 오리올스', 'start_idx': 6, 'end_idx': 14, 'type': 'ORG'}","{'word': '1,000만 달러', 'start_idx': 60, 'end_idx': 68, 'type': 'NOH'}",no_relation,wikipedia
25505,"이후 애틀랜타 브레이브스와 300,000달러에 계약했고, 교육리그에도 참가했다.","{'word': '애틀랜타 브레이브스', 'start_idx': 3, 'end_idx': 12, 'type': 'ORG'}","{'word': '300,000달러', 'start_idx': 15, 'end_idx': 23, 'type': 'NOH'}",no_relation,wikipedia
25552,"스위스군은 7,000명의 보병부대와 2,000명의 기병부대로 이루어진 전위부대(포어후드, Vorhut)를 우익에서 공격하게 했고, 8,000명의 보병부대와 1,300명의 기병부대로 이루어진 주력부대(게발트후드, Gewalthut)는 부르고뉴 군의 좌측 옆구리를 공격하기 위해 어려운 길을 우회하여 행군해 나무가 우거지고 눈이 두텁게 쌓인 경사면 위에서 진지를 구축했으나, 부르고뉴군이 대기하던 장소는 시야에 들어오지 않았다.","{'word': '스위스군', 'start_idx': 0, 'end_idx': 3, 'type': 'ORG'}","{'word': '7,000명', 'start_idx': 6, 'end_idx': 11, 'type': 'NOH'}",no_relation,wikipedia
25894,"‘세계행복의날’인 20일을 하루 앞둔 19일부터 광산구는, 광주송정역과 광주공항 등 주요 관문과 광산구청, 21개 동 행정복지센터 청사와 구립도서관 등에 희망의 메시지를 담은 대형현수막을 걸고, 80개 버스정류장에도 홍보물을 설치 중이다.","{'word': '광산구', 'start_idx': 27, 'end_idx': 29, 'type': 'ORG'}","{'word': '21개', 'start_idx': 60, 'end_idx': 62, 'type': 'NOH'}",no_relation,wikitree
25926,"우리은행은 국내 IB(투자은행)그룹, 베트남우리은행 등과 협업을 통해 비엣젯의 '에어버스 321' 10대 구입자금, 1억4000만달러를 매칭하는데 성공했다.","{'word': '베트남우리은행', 'start_idx': 21, 'end_idx': 27, 'type': 'ORG'}","{'word': '1억4000만달러', 'start_idx': 65, 'end_idx': 73, 'type': 'NOH'}",no_relation,wikitree
26266,또한 유럽 축구 연맹은 총 55개국 중에서 FIFA가 주관하는 월드컵에서 본선 진출 티켓이 13장이 배정되어 있으므로 남미 다음으로 본선 진출 비율이 높은 편이다.,"{'word': '유럽 축구 연맹', 'start_idx': 3, 'end_idx': 10, 'type': 'ORG'}","{'word': '55개국', 'start_idx': 15, 'end_idx': 18, 'type': 'NOH'}",org:number_of_employees/members,wikipedia
26311,총 18팀이 리그에 참가하게 되는데 2012-13 시즌 상위 15팀과 2. 푸스발-분데스리가 2012-13 상위 2팀이 참가하게 된다.,"{'word': '분데스리가', 'start_idx': 46, 'end_idx': 50, 'type': 'ORG'}","{'word': '18팀', 'start_idx': 2, 'end_idx': 4, 'type': 'NOH'}",no_relation,wikipedia
26336,"52장은 40년에 걸친 예레미야의 심판의 선포는 마침내 한 사건에 의해 확증되었는데(열왕기하 25장, 역대하 36장, 예레미야 39장, 52장), 예루살렘은 포위되고 파괴되었으며 약탈을 당했다.","{'word': '예레미야', 'start_idx': 13, 'end_idx': 16, 'type': 'ORG'}","{'word': '52장', 'start_idx': 76, 'end_idx': 78, 'type': 'NOH'}",no_relation,wikipedia
26446,"하지만, 2011년 프로야구 9번째 구단으로 창단한 NC 다이노스가 이 곳을 홈구장으로 사용하게 되면서 2012년, 2013년 시즌을 앞두고 대대적인 시설 개수 공사를 거듭하여 2013년 시즌이 개막한 시점을 기준으로는 14,164석으로 약 25% 가량 감소하였다.","{'word': 'NC 다이노스', 'start_idx': 29, 'end_idx': 35, 'type': 'ORG'}","{'word': '14,164석', 'start_idx': 123, 'end_idx': 129, 'type': 'NOH'}",no_relation,wikipedia
26513,"장성군은 이달 5일부터 15일까지 9일간 진원농협 상림창고와 백양사농협 중평창고 등 10개소에서 ‘태풍 피해 벼’ 전량 매입을 진행하며, 품종제한 없이 총1,520여 톤을 매입할 계획이다.","{'word': '장성군', 'start_idx': 0, 'end_idx': 2, 'type': 'ORG'}","{'word': '10개', 'start_idx': 47, 'end_idx': 49, 'type': 'NOH'}",no_relation,wikitree
26570,남원시 지역자율방재단은 지난 7월부터 남원은 연일 폭염 특보가 발효중인 가운데 하루도 빠짐없이 시민에게 생수 전달과 함께 15개소 시내버스 승강장과 어르신들이 많이 찾는 십수정에 15kg 얼음을 비치하고 있다.,"{'word': '남원시', 'start_idx': 0, 'end_idx': 2, 'type': 'ORG'}","{'word': '15개', 'start_idx': 68, 'end_idx': 70, 'type': 'NOH'}",no_relation,wikitree
26578,"난양기술대학의 장학제도는 동문들의 기부금으로도 운영되는데, 이 학교가 최근 1년 새 모은 기부금은 130만싱가포르달러(약 10억5000만원)에 달했다.","{'word': '난양기술대학', 'start_idx': 0, 'end_idx': 5, 'type': 'ORG'}","{'word': '싱가포르', 'start_idx': 59, 'end_idx': 62, 'type': 'NOH'}",no_relation,wikipedia
26780,"강 시장은 이틀 간 나주시양로원, 계산원 등 복지시설 12개소를 차례로 찾아 시설에서 생활하는 주민들의 안부를 묻고 관계 종사자들을 격려했다.","{'word': '나주시양로원', 'start_idx': 11, 'end_idx': 16, 'type': 'ORG'}","{'word': '12개소', 'start_idx': 30, 'end_idx': 33, 'type': 'NOH'}",no_relation,wikitree
26784,"그는 2009년 8월, 디나모 드레스덴과의 3. 리가 경기에서 뮌헨 리저브팀 데뷔전을 치루었고, 2009년 8월 29일에는 그는 FC 바이에른 뮌헨 II 소속으로 첫 골을 기록하였다.","{'word': 'FC 바이에른 뮌헨 II', 'start_idx': 72, 'end_idx': 84, 'type': 'ORG'}","{'word': '3. 리가', 'start_idx': 24, 'end_idx': 28, 'type': 'NOH'}",org:member_of,wikipedia
27051,"이번 공모에서 선정된 총 351개 공동체 중 광양시는 46개로, 영광군(27개)과 여수시(25개)에 비해 거의 두 배에 가까운 공동체가 선정됐다.","{'word': '여수시', 'start_idx': 46, 'end_idx': 48, 'type': 'ORG'}","{'word': '351개', 'start_idx': 14, 'end_idx': 17, 'type': 'NOH'}",no_relation,wikitree
27070,보헤미아 전선의 24만 1000명의 오스트리아군을 이끌고 있던 사령관 루트비히 아우구스트 리터 폰 베네데크 장군은 갓 임명된 장군이라 전선의 지형을 잘 모를 뿐만 아니라 오스트리아군은 전장식 소총에다 총검 돌격전술에만 의존하여 구시대적인 전술을 펼쳤다.,"{'word': '오스트리아군', 'start_idx': 95, 'end_idx': 100, 'type': 'ORG'}","{'word': '1000명', 'start_idx': 13, 'end_idx': 17, 'type': 'NOH'}",org:number_of_employees/members,wikipedia
27113,"소련은 소련의 지배 아래 있던 부라야트 소비에트 사회주의 자치 공화국(현 부라야트 공화국)의 기갑부대 군사 1,500여 명을 파견했으며, 전쟁 초 서울에 나타난 조선인민군 탱크는 모두 이들이 조종했다는 설도 소련의 주도를 뒷받침하고 있다.","{'word': '조선인민군', 'start_idx': 90, 'end_idx': 94, 'type': 'ORG'}","{'word': '1,500여 명', 'start_idx': 60, 'end_idx': 67, 'type': 'NOH'}",no_relation,wikipedia
27141,"2009년 4월 24일 3번째 이닝에서 3루타와 함께 워싱턴 내셔널스의 스콧 올슨을 상대로 자신의 1,000번째 타점을 기록하였다.","{'word': '워싱턴 내셔널스', 'start_idx': 30, 'end_idx': 37, 'type': 'ORG'}","{'word': '1,000', 'start_idx': 55, 'end_idx': 59, 'type': 'NOH'}",no_relation,wikipedia
27560,자세한 내용은 경기도경제과학진흥원 창업지원팀(031-888-8601~8602)또는 경기도 창업활성화팀(031-8030-4273)에서 문의가 가능하다.,"{'word': '경기도', 'start_idx': 46, 'end_idx': 48, 'type': 'ORG'}","{'word': '031', 'start_idx': 25, 'end_idx': 27, 'type': 'NOH'}",no_relation,wikitree
27610,가수 출신 한성호 FNC엔터테인먼트[173940] 회장이 보유한 주식 가치는 220억원으로 작년 말보다 29억원(11.8%) 줄었다.,"{'word': 'FNC엔터테인먼트', 'start_idx': 10, 'end_idx': 18, 'type': 'ORG'}","{'word': '173940', 'start_idx': 20, 'end_idx': 25, 'type': 'NOH'}",org:alternate_names,wikitree
27706,"프로이센군은 1,400명을 잃었고, 오스트리아-신성로마제국군은 7,000명의 병력과 9개의 군기, 28문의 포를 상실했다.","{'word': '오스트리아', 'start_idx': 20, 'end_idx': 24, 'type': 'ORG'}","{'word': '7,000명', 'start_idx': 35, 'end_idx': 40, 'type': 'NOH'}",no_relation,wikipedia
27872,"유진그룹(회장 유경선)은 최근 유진기업, 유진투자증권, 동양, 이에이치씨(EHC), 유진홈데이, 유진저축은행, 한국통운 등 계열사 임직원 1159명을 대상으로 여름휴가에 대한 의식을 묻는 설문조사를 진행했다.","{'word': '유진그룹', 'start_idx': 0, 'end_idx': 3, 'type': 'ORG'}","{'word': '1159명', 'start_idx': 77, 'end_idx': 81, 'type': 'NOH'}",org:number_of_employees/members,wikitree
27902,"한편 강진군보건소는 연말까지 10개 면 이장단원, 새마을지도자, 노인복지회관 이용 어르신들 900여 명을 대상으로 찾아가는 응급구조 교육을 실시할 계획이다.","{'word': '강진군', 'start_idx': 3, 'end_idx': 5, 'type': 'ORG'}","{'word': '10개', 'start_idx': 16, 'end_idx': 18, 'type': 'NOH'}",no_relation,wikitree
27905,"제2차 세계 대전에서 길었던 이 전구의 결과로 북아프리카의 이탈리아와 독일군의 손실은 총 50만명이 넘는다(최종 항복 및 포로 포함). 이 전구의 이탈리아군의 손실은 177,000명이 사망했고 주변 관련 전역 전투에서 수십만 명이 포로가 되었다.","{'word': '이탈리아', 'start_idx': 82, 'end_idx': 85, 'type': 'ORG'}","{'word': '177,000명', 'start_idx': 93, 'end_idx': 100, 'type': 'NOH'}",no_relation,wikipedia
28022,3월 28일에는 문화방송이 MBC의 명예가 훼손되었다는 이유로 《제대로 뉴스데스크》와 《파워업 PD수첩》 동영상의 접속을 차단하라는 요청에 대하여 한국인터넷자율정책기구의 위원 10명 모두 ‘해당 없음’으로 결론지어 사실상 요청이 거부되었다.,"{'word': '한국인터넷자율정책기구', 'start_idx': 82, 'end_idx': 92, 'type': 'ORG'}","{'word': '10명', 'start_idx': 98, 'end_idx': 100, 'type': 'NOH'}",org:number_of_employees/members,wikipedia
28052,"플루타르코스는 그리스 측도 1000명 정도의 전사자가 나왔다고 밝히고 있지만, 그럼에도 불구하고 큰 승리임에는 변함이 없다.","{'word': '그리스', 'start_idx': 8, 'end_idx': 10, 'type': 'ORG'}","{'word': '1000명', 'start_idx': 15, 'end_idx': 19, 'type': 'NOH'}",no_relation,wikipedia
28376,"신안군(군수 박우량)은 천사섬 신안에 분포하는 생물종을 파악하기 위해 1967년부터 2019년까지 척추동물 등 12개 분류군의 기존 연구자료 250편을 분석한 결과 총 5,532종을 확인하였다고 밝혔다.","{'word': '신안군', 'start_idx': 0, 'end_idx': 2, 'type': 'ORG'}","{'word': '12개', 'start_idx': 62, 'end_idx': 64, 'type': 'NOH'}",no_relation,wikitree
28385,"이탈리아군 전체 전사자의 절반인 300,000명이 이손초 강에서 손실되었다.","{'word': '이탈리아군', 'start_idx': 0, 'end_idx': 4, 'type': 'ORG'}","{'word': '300,000명', 'start_idx': 18, 'end_idx': 25, 'type': 'NOH'}",no_relation,wikipedia
28410,"1991년 12월 21일, 소련을 구성하고 있던 12개의 국가 중 조지아를 제외한 11개국이 알마-아타 협정을 체결하여 소련의 해체를 공식적으로 인정한 후, 독립국가연합이라는 자발적인 협의체로 이를 대체하기로 했다. 고르바초프는 12월 25일 소련 대통령 직을 사임했고 12월 26일 소비에트 최고위원회는 벨라베자 조약을 합법이라 인정한 후 스스로 해산했다.","{'word': '독립국가연합', 'start_idx': 88, 'end_idx': 93, 'type': 'ORG'}","{'word': '11개국', 'start_idx': 46, 'end_idx': 49, 'type': 'NOH'}",org:number_of_employees/members,wikipedia
28584,2006년 4월 20일 필라델피아 필리스에 내셔널스의 10 대 4의 승리와 함께 로빈슨은 자신의 1000번째 우승을 거두어 그 이정표에 도달하는 데 53번째 감독이 되었다.,"{'word': '필라델피아 필리스', 'start_idx': 13, 'end_idx': 21, 'type': 'ORG'}","{'word': '1000번째', 'start_idx': 54, 'end_idx': 59, 'type': 'NOH'}",no_relation,wikipedia
28953,"스페인군은 사상자, 포로를 합쳐 15,000명의 피해를 입었으며, 프랑스군은 약 4,000명의 피해를 입었다.","{'word': '스페인', 'start_idx': 0, 'end_idx': 2, 'type': 'ORG'}","{'word': '15,000명', 'start_idx': 18, 'end_idx': 24, 'type': 'NOH'}",no_relation,wikipedia
29136,"그는 2009년 8월, 디나모 드레스덴과의 3. 리가 경기에서 뮌헨 리저브팀 데뷔전을 치루었고, 2009년 8월 29일에는 그는 FC 바이에른 뮌헨 II 소속으로 첫 골을 기록하였다.","{'word': '디나모 드레스덴', 'start_idx': 13, 'end_idx': 20, 'type': 'ORG'}","{'word': '3. 리가', 'start_idx': 24, 'end_idx': 28, 'type': 'NOH'}",org:member_of,wikipedia
29181,20일 정오，주마카오부대 사령관 류유에(劉粤)의 약 500명의 부대원들이 주하이 주둔지(珠海營區)에서 마카오로 이동하였다.,"{'word': '마카오', 'start_idx': 8, 'end_idx': 10, 'type': 'ORG'}","{'word': '500명', 'start_idx': 29, 'end_idx': 32, 'type': 'NOH'}",no_relation,wikipedia
29414,"추석 연휴기간 병의원 및 약국의 운영 여부와 구급차 출동 등에 대한 안내는 보건소(덕양구 ☎031-8075-4006, 일산동구 ☎031-8075-4086, 일산서구☎031-8075-4160)와 고양시민원콜센터(☎031-909-9000), 구급상황관리센터(국번없이 ☎119), 129보건복지콜센터를 통해 확인할 수 있다.","{'word': '고양시', 'start_idx': 108, 'end_idx': 110, 'type': 'ORG'}","{'word': '031-909-9000', 'start_idx': 118, 'end_idx': 129, 'type': 'NOH'}",no_relation,wikitree
29454,"고양시아동청소년정신건강복지센터는 2020년에도 고아정 서포터즈 4기를 모집할 예정으로, 궁금한 사항은 센터 홈페이지(또는 페이스북과 인스타그램을 참조하거나 전화(☎031-908-3567~8, 9220)(☎031-908-3567~8, 9220)로 문의하면 된다.","{'word': '고양시', 'start_idx': 0, 'end_idx': 2, 'type': 'ORG'}","{'word': '031', 'start_idx': 91, 'end_idx': 93, 'type': 'NOH'}",no_relation,wikitree
29629,ISO27001은 국제표준화기구(ISO)에서 제정한 정보보호경영 시스템 국제표준 인증이다.,"{'word': '국제표준화기구', 'start_idx': 10, 'end_idx': 16, 'type': 'ORG'}","{'word': 'ISO', 'start_idx': 0, 'end_idx': 2, 'type': 'NOH'}",org:alternate_names,wikitree
29737,"계엄령은 폴란드군의 '도시 내 질서 유지'와 250,000명의 예비군 동원, 민방위 100만명 소집, 경제의 군사화를 포함하는 부분 동원령 선포와 함께 진행될 것이었다.","{'word': '폴란드군', 'start_idx': 5, 'end_idx': 8, 'type': 'ORG'}","{'word': '250,000명', 'start_idx': 25, 'end_idx': 32, 'type': 'NOH'}",no_relation,wikipedia
29762,"1990년 1월 9일 저녁, 중앙 텔레비전 방송국을 폭파하고 전화 및 라디오 방송망을 차단한 후 소련군 26,000명이 아제르바이잔의 수도 바쿠에 진입하여 바리케이드로 돌진, 시위대를 공격하고 발포했다.","{'word': '소련군', 'start_idx': 54, 'end_idx': 56, 'type': 'ORG'}","{'word': '26,000명', 'start_idx': 58, 'end_idx': 64, 'type': 'NOH'}",no_relation,wikipedia
30041,"아르헨티나와 브라질은 총합하여 140,000km정도의 파라과이 영토를 합병했는데, 아르헨티나는 미시오네스 지역의 대부분과 오늘날 포르모사주에 속해있는 베르메호 강과 필코마요 강사이의 그란차코 지역의 일부를 얻었고, 브라질은 전쟁 전부터 논쟁이 있었던 지역이었던 곳의 영유권을 얻어 마투그로수주의 크기를 확대했다.","{'word': '브라질', 'start_idx': 120, 'end_idx': 122, 'type': 'ORG'}","{'word': '140,000km', 'start_idx': 17, 'end_idx': 25, 'type': 'NOH'}",no_relation,wikipedia
30070,"장애인의 인권과 권익보장에 앞장서 따뜻한 복지도시를 만들고 있는 순천시는 관내 13개 장애인 기관단체와 함께 지난 10월29일 순천만생태문화교육원, 11월 8일 순천동명초등학교에서 2회에 걸친 공감토크를 개최했다.","{'word': '순천시', 'start_idx': 36, 'end_idx': 38, 'type': 'ORG'}","{'word': '13개', 'start_idx': 44, 'end_idx': 46, 'type': 'NOH'}",no_relation,wikitree
30149,"현재까지 2주간 판매 결과 여수해양경찰서, 남해수산연구소, 순천시청, LG화학 등 13개 유관기관‧단체에 3500만 원을 판매했다.","{'word': '순천시청', 'start_idx': 33, 'end_idx': 36, 'type': 'ORG'}","{'word': '13개', 'start_idx': 46, 'end_idx': 48, 'type': 'NOH'}",no_relation,wikitree
30195,"한편 순천시에서는 2020년 시민과의 대화를 기존의 방식과 다르게 주민 공론화를 통해 시급한 현안문제를 모은 후 시민과 함께 숙의‧토론하여 해결방안을 마련하는 현안토론 중심의 직접민주주의 방식으로 진행하고 있었으며, 지난 1월 14일 조곡동을 시작으로 11개 지역의 시민과의 대화를 진행했다.","{'word': '순천시', 'start_idx': 3, 'end_idx': 5, 'type': 'ORG'}","{'word': '11개', 'start_idx': 141, 'end_idx': 143, 'type': 'NOH'}",no_relation,wikitree
30200,"이 무렵 대한독립군의 병력은 최진동의 군무도독부계가 약 670명, 홍범도와 안무의 국민회계가 약 550명으로 총 대원 1천 2백여 명으로 일제 측에 의해 탐지되었으며, 화력으로는 무기가 기관총 2문, 군총 약 9백 정 이상, 권총 약 2백 정, 폭탄(수류탄) 약 1백 개, 망원경 7개, 탄환 군총 1정 당 150발 등으로 집계되었다.","{'word': '대한독립군', 'start_idx': 5, 'end_idx': 9, 'type': 'ORG'}","{'word': '1천 2백', 'start_idx': 66, 'end_idx': 70, 'type': 'NOH'}",org:number_of_employees/members,wikipedia
30413,2010년 5월 런던에서는 세계를 열광시켰던 스웨덴의 4인조 팝그룹 아바(ABBA)를 기념하는 박물관 겸 테마파크를 개장하고 팬들이 직접 공연장에 올라가 아바 멤버들의 홀로그램 사이에서 함께 춤추고 노래할 수 있도록 하였다.,"{'word': 'ABBA', 'start_idx': 41, 'end_idx': 44, 'type': 'ORG'}","{'word': '4인', 'start_idx': 30, 'end_idx': 31, 'type': 'NOH'}",org:number_of_employees/members,wikipedia
30473,"앞서 광주시는 지난 10일 군부대, 국립공원사무소, 무등산보호단체협의회, 산악연맹 등 13개 기관 관계자들과 함께 탐방객 안전을 최우선으로 하는 대책회의를 개최하고 질서계도 요원을 취약지역에 집중 배치, 119구급차량과 헬기 현장 배치 등 안전 관리에 만전을 기하기로 했다.","{'word': '광주시', 'start_idx': 3, 'end_idx': 5, 'type': 'ORG'}","{'word': '13개', 'start_idx': 48, 'end_idx': 50, 'type': 'NOH'}",no_relation,wikitree
30537,"동시에 벨기에 리에주에서 출발한 블뤼허의 프로이센군은 나폴레옹군과 대등한 병력 12만 8천 명과 대포 312문을 보유하여, 병력을 비교한다면 총 합계에서는 프랑스군은 연합군에게 크게 뒤지지만 각각 나눠 비교한다면 승산이 있었다.","{'word': '프랑스군', 'start_idx': 87, 'end_idx': 90, 'type': 'ORG'}","{'word': '312문', 'start_idx': 57, 'end_idx': 60, 'type': 'NOH'}",no_relation,wikipedia
30573,"14대 대선에서 낙선하고 정계를 은퇴하였던 김대중이 정계 복귀와 신당 창당을 공식 선언하자, 당시 민주당 소속 의원 95명 중 65명이 민주당을 탈당하고 신당에 참여하면서 국민회의는 창당과 함께 제1야당이 되었다.","{'word': '민주당', 'start_idx': 55, 'end_idx': 57, 'type': 'ORG'}","{'word': '95명', 'start_idx': 65, 'end_idx': 67, 'type': 'NOH'}",org:number_of_employees/members,wikipedia
30574,화순군(군수 구충곤)이 23일 12개 금융기관과 화순사랑상품권 판매 대행 등을 위한 업무협약을 맺었다.,"{'word': '화순군', 'start_idx': 0, 'end_idx': 2, 'type': 'ORG'}","{'word': '12개', 'start_idx': 17, 'end_idx': 19, 'type': 'NOH'}",no_relation,wikitree
30611,"이 전투로 덴마크군은 거의 6,000명이 전사하였고 2,500명이 포로로 잡혔다고 한다.","{'word': '덴마크군', 'start_idx': 6, 'end_idx': 9, 'type': 'ORG'}","{'word': '6,000명', 'start_idx': 15, 'end_idx': 20, 'type': 'NOH'}",no_relation,wikipedia
30784,"여기에서 주공의 임무를 부여받은 밀번 미 제1군단장은 38도선으로부터의 북진에 있어서 기동력이 좋은 미 제1기병사단으로 하여금 중앙에서 선두로 진격케 하고, 제1사단은 그 우익을 진격시켜 평양에 육박케 하고 있었다.","{'word': '제1사단', 'start_idx': 88, 'end_idx': 91, 'type': 'ORG'}","{'word': '제1군단', 'start_idx': 23, 'end_idx': 26, 'type': 'NOH'}",no_relation,wikipedia
30868,오클랜드관광행사경제개발국(ATEED)의 닉 힐 국장은 넷플릭스가 시리즈 제작을 위해 400명 이상을 고용하고 있다며 제작이 내년까지는 재개되지 않을 것으로 보인다고 밝혔다.,"{'word': '넷플릭스', 'start_idx': 30, 'end_idx': 33, 'type': 'ORG'}","{'word': '400명', 'start_idx': 47, 'end_idx': 50, 'type': 'NOH'}",no_relation,wikitree
30961,"순천시는 지난 14일, 13개 동 주민 150명과 함께 주민들이 직접 참여해 주민자치형 마을복지계획 수립하기 위한 100인 원탁회의를 처음으로 진행했다고 밝혔다.","{'word': '순천시', 'start_idx': 0, 'end_idx': 2, 'type': 'ORG'}","{'word': '13개', 'start_idx': 13, 'end_idx': 15, 'type': 'NOH'}",org:number_of_employees/members,wikitree
31215,"광양시는 동계훈련 훈련지로 축구와 씨름, 육상, 태권도, 야구 등 10개 종목, 135개 팀, 2000여 명이 방문하며 전지훈련 열기로 가득하다고 밝혔다.","{'word': '광양시', 'start_idx': 0, 'end_idx': 2, 'type': 'ORG'}","{'word': '10개', 'start_idx': 37, 'end_idx': 39, 'type': 'NOH'}",no_relation,wikitree
31513,"1945년 말 및 1946년 초 오스트리아 주둔 연합군 병력은 소련군 150,000명, 영국군 55,000명, 미군 40,000명, 프랑스군 15,000명에 이르렀다.","{'word': '소련군', 'start_idx': 35, 'end_idx': 37, 'type': 'ORG'}","{'word': '150,000명', 'start_idx': 39, 'end_idx': 46, 'type': 'NOH'}",org:number_of_employees/members,wikipedia
31629,"입상단체로는 종합1위를 한 씨름협회 등 11개 종목단체가 표창을 수상했으며, 한국신기록을 수립한 경북도청 수영팀, 경주시청 조하림 등 개인과 단체가 표창을 수상했다.","{'word': '경주시', 'start_idx': 64, 'end_idx': 66, 'type': 'ORG'}","{'word': '11개', 'start_idx': 22, 'end_idx': 24, 'type': 'NOH'}",no_relation,wikitree
31768,"한편, 광주시의 해외 자매․우호도시는 13개국 22개 도시이며, 이번에 오는 중국 우한․선양시는 2007년부터, 말레이시아 말라카주는 2010년부터, 일본 요코하마시는 2014년부터 우호협력 체결을 하고 지금까지 교류를 이어오고 있다.","{'word': '광주시', 'start_idx': 4, 'end_idx': 6, 'type': 'ORG'}","{'word': '13개', 'start_idx': 21, 'end_idx': 23, 'type': 'NOH'}",no_relation,wikitree
31951,"전라남도게이트볼협회(회장 장귀남)가 주최하고, 강진군게이트볼협회가 주관하는 이 대회는 전국 10개 시․도에서 64개팀 650여 명의 선수가 참가한다.","{'word': '강진군', 'start_idx': 26, 'end_idx': 28, 'type': 'ORG'}","{'word': '10개', 'start_idx': 51, 'end_idx': 53, 'type': 'NOH'}",no_relation,wikitree
31962,"이번 훈련은 순천시와 질병관리본부, 전라남도, 한국건강증진개발원을 비롯한 감염병관리지원단, 22개 시군 보건소, 전라남도보건환경연구원, 격리치료병원 및 거점병원, 검역소, 경찰서, 소방서 등의 유관기관과 재난 유관부서 등 10개 기관 180명이 참석했다.","{'word': '순천시', 'start_idx': 7, 'end_idx': 9, 'type': 'ORG'}","{'word': '10개', 'start_idx': 124, 'end_idx': 126, 'type': 'NOH'}",no_relation,wikitree
31970,이 결승전은 유럽대항전 결승 최초로 두 포르투갈 팀 간의 대결 (FC 포르투와 SC 브라가)이었다. 라다멜 팔카오는 위르겐 클린스만의 전 기록을 경신 (예선 제외)하고 14경기 17골의 기록을 세웠다.,"{'word': '브라가', 'start_idx': 47, 'end_idx': 49, 'type': 'ORG'}","{'word': '포르투갈', 'start_idx': 22, 'end_idx': 25, 'type': 'NOH'}",org:place_of_headquarters,wikipedia
32329,"순천시에서 관리하고 있는 13개 사회보장급여(국민기초, 한부모, 장애연금, 기초연금 등)가구는 7월말 기준 47415세대로 통합관리팀 8명이 관리한다.","{'word': '순천시', 'start_idx': 0, 'end_idx': 2, 'type': 'ORG'}","{'word': '13개', 'start_idx': 14, 'end_idx': 16, 'type': 'NOH'}",no_relation,wikitree
32356,"강화군노인복지관이 이달 16일 농촌마을지킴이사업을 시작으로 27일까지 2주간 8회에 걸쳐 노인사회활동지원사업 12개 사업단 참여자 2,500여 명을 대상으로 활동교육 및 간담회를 갖는다.","{'word': '강화군', 'start_idx': 0, 'end_idx': 2, 'type': 'ORG'}","{'word': '12개', 'start_idx': 61, 'end_idx': 63, 'type': 'NOH'}",no_relation,wikitree
32448,전북 14개 지자체가 공개한 자료에 따르면 ▲익산시가 지난 5년간 32억6540만원을 집행해 전북 14개 시군 중 가장 많은 규모의 청소년 체육예산을 지원했다.,"{'word': '익산시', 'start_idx': 25, 'end_idx': 27, 'type': 'ORG'}","{'word': '14개', 'start_idx': 3, 'end_idx': 5, 'type': 'NOH'}",no_relation,wikitree
32457,21일 정읍시에 따르면 올해 노후 경유차 조기 폐차 지원사업으로 예산 17억6880만 원을 확보해 조기 폐차 1100대에 보조금을 지원한다.,"{'word': '정읍시', 'start_idx': 4, 'end_idx': 6, 'type': 'ORG'}","{'word': '1100대', 'start_idx': 61, 'end_idx': 65, 'type': 'NOH'}",no_relation,wikitree
